nct_id,title,program,sponsor,status,enrollment,enrollment_type,implanted,duration,start_date,primary_completion_date,countries,in_scope,reason,url,last_update
NCT06164912,Investigating the Use of a Brain-computer Interface Based on TMS Neurofeedback for Upper Limb Stroke Rehabilitation,,"University of Dublin, Trinity College",UNKNOWN,20,ESTIMATED,,,2023-06-01,2025-08,Ireland,False,Non-invasive ('Transcranial'),https://clinicaltrials.gov/study/NCT06164912,2023-12-11
NCT06603792,Neurofeedback for the Management of Neuropathic Pain in People With Diabetes,,University of Southern Denmark,RECRUITING,60,ESTIMATED,,,2024-09-01,2027-02,Denmark,False,No BCI named in the record,https://clinicaltrials.gov/study/NCT06603792,2026-09-15
NCT06620536,Restoring Hand Function in Patients with Tetraplegia by Intraneural Stimulation of Peripheral Nerves,,Azienda Ospedaliero-Universitaria Careggi,NOT_YET_RECRUITING,2,ESTIMATED,,,2024-10,2025-01,Italy,False,No BCI named in the record,https://clinicaltrials.gov/study/NCT06620536,2024-10-01
NCT07543367,INdependence Through Endovascular Neuroprosthetic Technology (INTENT): an Early Feasibility Study,synchron,"Synchron, Inc.",RECRUITING,10,ESTIMATED,,chronic,2026-04,2027-06,United States,True,"Implanted BCI ('Stentrode', 'Stentrode')",https://clinicaltrials.gov/study/NCT07543367,2026-05-11
NCT03792672,A Study to Evaluate Central Nervous System (CNS) Pharmacodynamic Activity of TAK-653 in Healthy Participants Using Transcranial Magnetic Stimulation (TMS),,Neurocrine Biosciences,COMPLETED,24,ACTUAL,,,2019-02-11,2019-05-15,Netherlands,False,No BCI named in the record,https://clinicaltrials.gov/study/NCT03792672,2021-03-19
NCT02037451,The Effects of Auditory Cueing on Rhythmic Movement and Cortical Excitability in Patients With Parkinson's Disease,,Chang Gung University,UNKNOWN,38,ESTIMATED,,,2013-08,2014-08,Taiwan,False,No BCI named in the record,https://clinicaltrials.gov/study/NCT02037451,2014-01-16
NCT02772302,Feasibility of mindBEAGLE in Disorders of Consciousness or Locked-In Syndrome,,Massachusetts General Hospital,COMPLETED,20,ACTUAL,,,2016-03-01,2019-12-01,United States,False,Non-invasive ('electroencephalogra'),https://clinicaltrials.gov/study/NCT02772302,2021-06-03
NCT05215522,Tele BCI-FES for Upper -Limb Stoke Rehabilitation,,University of Sheffield,COMPLETED,13,ACTUAL,,,2022-06-15,2022-11-30,United Kingdom,False,BCI without a brain implant described,https://clinicaltrials.gov/study/NCT05215522,2023-05-15
NCT02840760,Repetitive Transcranial Magnetic Stimulation for the Treatment of the Tardive Dyskinesia.,,Shanghai Mental Health Center,UNKNOWN,60,ESTIMATED,,,2016-09,2018-12,China,False,No BCI named in the record,https://clinicaltrials.gov/study/NCT02840760,2018-02-26
NCT02999282,Rehabilitative Trial for the Rescue of Neurophysiological Parameters in Progranulin Deficient Subjects,,Azienda Socio Sanitaria Territoriale degli Spedali Civili di Brescia,COMPLETED,70,ACTUAL,,,2016-10-31,2019-06-30,Italy,False,No BCI named in the record,https://clinicaltrials.gov/study/NCT02999282,2020-03-03
NCT01651169,Methylphenidate on Intracortical Inhibition in Methamphetamine Abusers Attention Deficit Hyperactivity Disorder (ADHD),,Tehran University of Medical Sciences,UNKNOWN,30,ESTIMATED,,,2012-09,2015-11,Iran,False,No BCI named in the record,https://clinicaltrials.gov/study/NCT01651169,2014-11-18
NCT05115149,The Study of a Neural Interface and a Neurostimulation in the Rehabilitation of Upper Limb Movement Impairments.,,Skolkovo Institute of Science and Technology,UNKNOWN,60,ESTIMATED,,,2021-10-01,2022-12-20,Russia,False,Non-invasive ('non-invasive'),https://clinicaltrials.gov/study/NCT05115149,2021-11-10
NCT00221117,Benefits of Applying Neuroprosthesis to Improve Grasping and Reaching in Spinal Cord Injury Patients,,Toronto Rehabilitation Institute,COMPLETED,22,ACTUAL,,,2005-08,2010-09,,False,No BCI named in the record,https://clinicaltrials.gov/study/NCT00221117,2018-07-24
NCT02552368,Treatment of Chronic Stroke With IpsiHand,,Washington University School of Medicine,COMPLETED,23,ACTUAL,,,2012-08,2015-11-30,United States,False,Non-invasive ('Electroencephalogra'),https://clinicaltrials.gov/study/NCT02552368,2018-09-17
NCT07081308,Brain-computer Interface With Plantar Pneumoorthoses for Post-stroke Rehabilitation,,"Research Center of Neurology, Russia",RECRUITING,30,ESTIMATED,,,2024-10-05,2026-10-30,Russia,False,BCI without a brain implant described,https://clinicaltrials.gov/study/NCT07081308,2025-07-28
NCT07688525,Pain Beliefs and Intracortical Excitability During Experimental Pain,,Université de Sherbrooke,NOT_YET_RECRUITING,30,ESTIMATED,,,2026-08-01,2026-11-30,Canada,False,No BCI named in the record,https://clinicaltrials.gov/study/NCT07688525,2026-07-07
NCT06261450,Effect of CBD on the Brain,,Université de Sherbrooke,NOT_YET_RECRUITING,50,ESTIMATED,,,2025-05-01,2027-12-15,,False,No BCI named in the record,https://clinicaltrials.gov/study/NCT06261450,2025-02-17
NCT06810219,Augmented Reality BCI Longitudinal Study for Persons With Late Stage ALS,,Cognixion,RECRUITING,10,ESTIMATED,,,2025-01-20,2025-08-30,United States,False,BCI without a brain implant described,https://clinicaltrials.gov/study/NCT06810219,2025-02-05
NCT06667232,Evaluating Modulation Effects of Burst Stimulation Patterns Using SEEG,,"Xuanwu Hospital, Beijing",RECRUITING,20,ESTIMATED,,,2025-01-18,2025-12-25,China,False,No BCI named in the record,https://clinicaltrials.gov/study/NCT06667232,2025-01-22
NCT07323199,Exercise and Neuromodulation in Fibromyalgia,,Universidad Nacional Andres Bello,NOT_YET_RECRUITING,40,ESTIMATED,,,2026-01-01,2026-09,Chile,False,No BCI named in the record,https://clinicaltrials.gov/study/NCT07323199,2026-01-07
NCT03949712,Pediatric Transcranial Static Magnetic Field Stimulation to Improve Motor Learning,,University of Calgary,COMPLETED,24,ACTUAL,,,2018-03-30,2019-06-01,Canada,False,No BCI named in the record,https://clinicaltrials.gov/study/NCT03949712,2019-08-05
NCT05561153,Central Neuromuscular Dysfunction in Patellofemoral Pain,,Hacettepe University,ENROLLING_BY_INVITATION,40,ESTIMATED,,,2022-08-15,2025-12-24,Turkey (Türkiye),False,No BCI named in the record,https://clinicaltrials.gov/study/NCT05561153,2025-03-12
NCT04634383,A Phase I Feasibility Study of an Intracortical Visual Prosthesis (ICVP) for People With Blindness,,Illinois Institute of Technology,RECRUITING,5,ESTIMATED,,,2020-08-20,2027-06-30,United States,False,"Vision prosthesis, out of v1 scope ('Visual Prosthe')",https://clinicaltrials.gov/study/NCT04634383,2026-06-03
NCT07180654,Menstrual Cycle TMS Plasticity Pilot,,University of Pennsylvania,RECRUITING,100,ESTIMATED,,,2025-12-15,2028-10-31,United States,False,No BCI named in the record,https://clinicaltrials.gov/study/NCT07180654,2026-01-09
NCT05511207,Clinical Validation of a Hybrid BCI-controlled FES for Upper Limb Rehabilitation After Stroke,,Donatella Mattia,COMPLETED,36,ACTUAL,,,2023-03-01,2024-12-31,Italy,False,Non-invasive ('eeg'),https://clinicaltrials.gov/study/NCT05511207,2025-03-17
NCT02563886,Electrically Assisted Movement Therapy,,Swiss Federal Institute of Technology,UNKNOWN,12,ESTIMATED,,,2015-09,2016-09,Switzerland,False,No BCI named in the record,https://clinicaltrials.gov/study/NCT02563886,2016-02-24
NCT04448483,Clinical Study for Upper Limb Motor Restoration in Chronic Stroke Patients Using Personalized Neuro-technologies,,Wyss Center for Bio and Neuroengineering,COMPLETED,20,ACTUAL,,,2020-10-06,2023-11-17,Switzerland,False,Non-invasive ('non-invasive'),https://clinicaltrials.gov/study/NCT04448483,2023-12-05
NCT02148783,Dopamine Receptor Imaging to Predict Response to Stimulant Therapy in Chronic TBI,,Uniformed Services University of the Health Sciences,TERMINATED,11,ACTUAL,,,2014-09,2018-08,United States,False,No BCI named in the record,https://clinicaltrials.gov/study/NCT02148783,2018-10-04
NCT06611748,Restoration of Hand Function in Cervical SCI,,MetroHealth Medical Center,RECRUITING,20,ESTIMATED,,,2025-01-01,2028-11,United States,False,No BCI named in the record,https://clinicaltrials.gov/study/NCT06611748,2026-02-24
NCT05111691,Dry Needling Effects on Cortical Excitability,,Texas Woman's University,UNKNOWN,50,ESTIMATED,,,2022-03-01,2023-05-31,United States,False,No BCI named in the record,https://clinicaltrials.gov/study/NCT05111691,2022-07-06
NCT03698149,ECoG BMI for Motor and Speech Control,blackrock,Karunesh Ganguly,RECRUITING,3,ESTIMATED,,chronic,2018-11-09,2030-08-15,United States,True,"Implanted BCI ('NeuroPort', 'NeuroPort')",https://clinicaltrials.gov/study/NCT03698149,2026-05-05
NCT03318549,BCI and Evaluation of Visual and Task Performance in Subjects With Eye Diseases,,University of Miami,COMPLETED,115,ACTUAL,,,2018-10-29,2023-05-31,United States,False,"Vision prosthesis, out of v1 scope ('Retina')",https://clinicaltrials.gov/study/NCT03318549,2024-11-26
NCT07796035,Understanding Communication Barriers in Acute Care: A Mixed-Methods Needs Assessment Among Healthcare Providers Caring for Non-Verbal Patients With Spinal Cord Injury and Tracheostomy in the ICU,,University of British Columbia,NOT_YET_RECRUITING,100,ESTIMATED,,,2026-08,2027-12,Canada,False,BCI without a brain implant described,https://clinicaltrials.gov/study/NCT07796035,2026-08-31
NCT00396058,The Effect of Methylphenidate on Motor Learning in Stroke Patients,,University of Aarhus,TERMINATED,13,ESTIMATED,,,2006-11,,Denmark,False,No BCI named in the record,https://clinicaltrials.gov/study/NCT00396058,2008-03-27
NCT06649955,Controlling Amyotrophic Lateral Sclerosis Motor Neuron Excitability Study,,PathMaker Neurosystems Inc.,RECRUITING,15,ESTIMATED,,,2025-02-10,2026-10,United States,False,No BCI named in the record,https://clinicaltrials.gov/study/NCT06649955,2026-09-10
NCT05708274,Pharmacological Agents for Chronic Spinal Cord Injury (SCI),,Bronx VA Medical Center,COMPLETED,25,ACTUAL,,,2023-01-20,2025-10-30,United States,False,No BCI named in the record,https://clinicaltrials.gov/study/NCT05708274,2025-12-08
NCT06861517,EEG-based Brain-computer Interface Database for Motor Rehabilitation,,Jaime Alejandro Quiroga Forero,COMPLETED,30,ACTUAL,,,2024-09-02,2024-12-01,Argentina,False,Non-invasive ('Electroencephalogra'),https://clinicaltrials.gov/study/NCT06861517,2025-03-06
NCT03279913,NEUROFEEDSTIM : Therapeutic Use of Neurofeedback in Depression in Association With TMS,,Rennes University Hospital,COMPLETED,10,ACTUAL,,,2017-12-18,2018-09-07,France,False,Non-invasive ('non-invasive'),https://clinicaltrials.gov/study/NCT03279913,2019-11-06
NCT07026760,Effects of Trans-spinal Magnetic Stimulation on Cortical Excitability in Healthy Individuals,,Universidade Federal de Pernambuco,RECRUITING,18,ESTIMATED,,,2022-10-01,2025-09-30,Brazil,False,No BCI named in the record,https://clinicaltrials.gov/study/NCT07026760,2025-06-18
NCT03813290,A Neuro-Technological Intervention for Adolescents With GAD,,"National Healthcare Group, Singapore",RECRUITING,30,ESTIMATED,,,2020-12-08,2026-01,Singapore,False,Non-invasive ('EEG'),https://clinicaltrials.gov/study/NCT03813290,2025-05-22
NCT05226676,Long-term Effects of Repetitive TMS in Chronic Neuropathic Pain in People With SCI,,Icahn School of Medicine at Mount Sinai,WITHDRAWN,0,ACTUAL,,,2023-08,2023-12,United States,False,No BCI named in the record,https://clinicaltrials.gov/study/NCT05226676,2023-08-04
NCT07357428,Connect-One: Early Feasibility Study of Connexus® Brain-Computer Interface (BCI),paradromics,Paradromics,RECRUITING,2,ESTIMATED,,chronic,2026-03-31,2027-05,United States,True,"Implanted BCI ('Brain-Computer Interface', 'Connexus')",https://clinicaltrials.gov/study/NCT07357428,2026-04-14
NCT07650526,aiTBS and rTMS in Neuropathic Pain and Prediction of Response,,Hospital Ambroise Paré Paris,RECRUITING,30,ESTIMATED,,,2026-09-14,2028-09,France,False,No BCI named in the record,https://clinicaltrials.gov/study/NCT07650526,2026-09-11
NCT00746525,Non-Invasive Brain Signal Training to Induce Motor Control Recovery After Stroke,,Louis Stokes VA Medical Center,COMPLETED,8,ACTUAL,,,2008-09,2016-06,United States,False,Non-invasive ('Non-Invasive'),https://clinicaltrials.gov/study/NCT00746525,2017-01-23
NCT05920174,Clinical Trial to Evaluate the Safety and Efficacy of an Implantable Neural Acquisitor & Stimulator System in Patients With Motor Disability,neuracle,"Neuracle Medical Technology(Shanghai) Co.,Ltd.",RECRUITING,9,ESTIMATED,,chronic,2023-10-17,2024-12,China,True,"Implanted BCI ('brain-computer interface', 'Implantable Neural Acquisitor')",https://clinicaltrials.gov/study/NCT05920174,2024-12-05
NCT01897025,Combined Transcranial Direct Current Stimulation and Motor Imagery-based Robotic Arm Training for Stroke Rehabilitation,,"National University Hospital, Singapore",COMPLETED,42,ACTUAL,,,2011-01,2014-01,Singapore,False,Non-invasive ('Noninvasive'),https://clinicaltrials.gov/study/NCT01897025,2016-03-10
NCT04724824,Validation of a Brain-Computer Interface for Stroke Neurological Upper Limb Rehabilitation,,Instituto Nacional de Rehabilitacion,COMPLETED,23,ACTUAL,,,2021-03-16,2024-06-24,Mexico,False,BCI without a brain implant described,https://clinicaltrials.gov/study/NCT04724824,2024-07-12
NCT04179435,Cognitive and Brain Development in Adolescents With Gilles de la Tourette Syndrome,,"Institut National de la Santé Et de la Recherche Médicale, France",COMPLETED,132,ACTUAL,,,2019-12-11,2024-06-18,France,False,No BCI named in the record,https://clinicaltrials.gov/study/NCT04179435,2026-09-18
NCT04489017,Palmitoylethanolamide Combined With Luteoline in Frontotemporal Dementia Patients. A Randomized Controlled Trial,,I.R.C.C.S. Fondazione Santa Lucia,COMPLETED,50,ACTUAL,,,2019-06-01,2022-12-30,Italy,False,No BCI named in the record,https://clinicaltrials.gov/study/NCT04489017,2024-11-07
NCT05152108,Hybrid Brain Computer Interface for Control of Sensory - Motor Coupling in Post - Stroke Rehabilitation,,University of Belgrade,ACTIVE_NOT_RECRUITING,10,ESTIMATED,,,2022-04-01,2025-07-15,Serbia,False,BCI without a brain implant described,https://clinicaltrials.gov/study/NCT05152108,2024-12-09
NCT02356913,Comparison of Pharmacokinetic Profiles of 3 New Nicotine Gum Formulations With a Reference Gum,,Fertin Pharma A/S,COMPLETED,15,ACTUAL,,,2014-04,2014-05,,False,No BCI named in the record,https://clinicaltrials.gov/study/NCT02356913,2015-02-05
NCT03768622,"Proximal Femoral Fractures - Patient Population, Risk Factors, Surgical Performance and Outcome",,"University Hospital, Basel, Switzerland",COMPLETED,2906,ACTUAL,,,2018-06-01,2021-03-06,Switzerland,False,No BCI named in the record,https://clinicaltrials.gov/study/NCT03768622,2021-11-04
NCT03656796,Effects of RAC With Locomotion Training on Cortical Excitability and Behavior in Patients With PD,,National Taiwan University Hospital,COMPLETED,29,ACTUAL,,,2018-04-23,2018-07-09,Taiwan,False,No BCI named in the record,https://clinicaltrials.gov/study/NCT03656796,2019-09-25
NCT06155682,TMS for Inhibition Enhancement in Schizophrenia,,"University of Maryland, Baltimore",RECRUITING,34,ESTIMATED,,,2026-02-02,2029-03,United States,False,No BCI named in the record,https://clinicaltrials.gov/study/NCT06155682,2026-02-13
NCT04766580,Attention and Pain in Children With and Without Attention Deficit and/or Hyperactivity Disorder,,Université de Sherbrooke,UNKNOWN,44,ESTIMATED,,,2021-02-17,2022-12-30,Canada,False,No BCI named in the record,https://clinicaltrials.gov/study/NCT04766580,2022-07-28
NCT04804384,Assessment of the Functional Impact of a Close-loop Controlled Prehension Neuroprosthesis in Post-stroke Patients,,"University Hospital, Toulouse",RECRUITING,30,ESTIMATED,,,2021-08-30,2027-12-30,France,False,No BCI named in the record,https://clinicaltrials.gov/study/NCT04804384,2026-06-01
NCT06955832,Early Identification of Brain Lesions in Multiple Sclerosis With Phase Sensitive Inversion Recovery MRI,,Benha University,RECRUITING,30,ESTIMATED,,,2025-06,2025-06,Egypt,False,No BCI named in the record,https://clinicaltrials.gov/study/NCT06955832,2025-05-18
NCT05174299,The Effect of Multi-target Magnetic Stimulation on Freezing Gait in PD,,The First Affiliated Hospital with Nanjing Medical University,UNKNOWN,57,ESTIMATED,,,2021-10-01,2022-11-30,China,False,No BCI named in the record,https://clinicaltrials.gov/study/NCT05174299,2022-12-06
NCT07533903,Functional Outcomes and Control Using Synchron BCI - Australia,synchron,"Synchron, Inc.",RECRUITING,10,ESTIMATED,,chronic,2026-05-22,2027-03,Australia,True,"Implanted BCI ('Brain Computer Interface', 'Stentrode')",https://clinicaltrials.gov/study/NCT07533903,2026-06-09
NCT05163769,Physical and Cognitive Training System for Neurocognitive Protection and Enhancement in Older Adults,,Duke-NUS Graduate Medical School,UNKNOWN,237,ESTIMATED,,,2022-05-17,2023-09-30,Singapore,False,Non-invasive ('electroencephalogra'),https://clinicaltrials.gov/study/NCT05163769,2022-07-28
NCT04367623,Motor Conditioning to Enhance the Effect of Physical Therapy,,NHS Greater Glasgow and Clyde,TERMINATED,10,ACTUAL,,,2020-12-09,2022-09-01,United Kingdom,False,Non-invasive ('EEG'),https://clinicaltrials.gov/study/NCT04367623,2022-12-09
NCT07698496,Evaluation of the Feasibility and Efficacy of a Chronic Brain-computer Interface for Speech Rehabilitation in Patients With Locked-in-syndrome (LIS),academic-other,"University Hospital, Grenoble",NOT_YET_RECRUITING,3,ESTIMATED,,chronic,2026-10-10,2031-01-30,France,True,"Implanted BCI ('Brain-computer Interface', 'Utah Array')",https://clinicaltrials.gov/study/NCT07698496,2026-07-13
NCT01119001,A P300 Brain Computer Interface Keyboard to Control Assistive Technology For Use by People With Amyotrophic Lateral Sclerosis,,University of Michigan,COMPLETED,13,ACTUAL,,,2010-02,2010-08,United States,False,Non-invasive ('EEG'),https://clinicaltrials.gov/study/NCT01119001,2015-06-12
NCT07525609,Neurofeedback-Guided BCI Motor Imagery for Upper-Limb Recovery in Chronic Stroke,,CESPU-Escola Superior de Tecnologias da Saúde de Tâmega e Sousa,COMPLETED,7,ACTUAL,,,2012-03,2015-01,,False,Non-invasive ('EEG'),https://clinicaltrials.gov/study/NCT07525609,2026-04-23
NCT03268798,Unilateral Wrist Extension Training After Stroke,,University of Victoria,COMPLETED,24,ACTUAL,,,2015-03,2017-07-01,,False,No BCI named in the record,https://clinicaltrials.gov/study/NCT03268798,2017-08-31
NCT03664206,Assessing Motor Neuron Disease Mechanisms by Threshold Tracking Transcranial Magnetic Stimulation and Magnetic Resonance Spectroscopy,,Sándor Beniczky,WITHDRAWN,0,ACTUAL,,,2018-02-16,2023-12-31,Denmark,False,No BCI named in the record,https://clinicaltrials.gov/study/NCT03664206,2024-02-02
NCT04704427,Rehabilitative BCI in Acute Ischemic Stroke,,"Xuanwu Hospital, Beijing",UNKNOWN,40,ESTIMATED,,,2021-01-16,2021-12-25,,False,Non-invasive ('non-invasive'),https://clinicaltrials.gov/study/NCT04704427,2021-01-11
NCT02574026,Tapfinger Psychomotor Target,,"University Hospital, Grenoble",COMPLETED,37,ACTUAL,,,2010-08,2020-07-31,France,False,Non-invasive ('EEG'),https://clinicaltrials.gov/study/NCT02574026,2022-05-24
NCT06243952,Brain Controlled Spinal Cord Stimulation In Participants With Spinal Cord Injury For Lower Limb Rehabilitation,onward,Ecole Polytechnique Fédérale de Lausanne,ACTIVE_NOT_RECRUITING,3,ESTIMATED,,chronic,2024-05-03,2030-07,Switzerland,True,"Implanted BCI ('Brain computer interface', 'ECoG')",https://clinicaltrials.gov/study/NCT06243952,2026-07-28
NCT04226794,Effect of Nutritional Counseling Associated With Transcranial Direct-current Stimulation in Binge Eating Reduction,,Hospital de Clinicas de Porto Alegre,UNKNOWN,40,ESTIMATED,,,2019-06-10,2021-12-21,Brazil,False,No BCI named in the record,https://clinicaltrials.gov/study/NCT04226794,2022-12-28
NCT06187467,Longitudinal Multimodal Profiling of Balance and Gait In Stroke,,Tan Tock Seng Hospital,RECRUITING,30,ESTIMATED,,,2024-07-01,2025-10,Singapore,False,Non-invasive ('Electroencephalogra'),https://clinicaltrials.gov/study/NCT06187467,2025-04-11
NCT03974698,"Uncemented Hemiarthroplasty, Radiological Features Comparing Lateral Versus Anterolateral Approach",,Sorlandet Hospital HF,COMPLETED,150,ACTUAL,,,2014-02-01,2017-07-31,Norway,False,No BCI named in the record,https://clinicaltrials.gov/study/NCT03974698,2021-01-25
NCT05374486,EEG Brain-Machine Interface Control of an Upper-Limb Robotic Exoskeleton for Robot-Assisted Rehabilitation After Stroke,,University of Houston,UNKNOWN,30,ESTIMATED,,,2022-04-25,2022-08,United States,False,Non-invasive ('non-invasive'),https://clinicaltrials.gov/study/NCT05374486,2022-05-16
NCT05212714,taVNS to Reduce PTSD Symptoms in WTC Responders,,Northwell Health,COMPLETED,30,ACTUAL,,,2022-03-31,2024-02-15,United States,False,No BCI named in the record,https://clinicaltrials.gov/study/NCT05212714,2024-04-03
NCT05311852,Effects of PEA-LUT on Frontal Lobe Functions and GABAergic Transmission in Long-Covid Patients,,"Department of Neurorehabilitation, Hospital of Vipiteno-Sterzing (BZ) Italy",COMPLETED,34,ACTUAL,,,2021-08-16,2022-02-15,Italy,False,No BCI named in the record,https://clinicaltrials.gov/study/NCT05311852,2022-09-26
NCT05634616,Motor Imagery and Motor Execution Based BCI in Stroke,,First Affiliated Hospital Xi'an Jiaotong University,UNKNOWN,40,ESTIMATED,,,2022-11-24,2023-06-30,China,False,Non-invasive ('electroencephalogra'),https://clinicaltrials.gov/study/NCT05634616,2022-12-02
NCT07327710,Non-Invasive Brain-Computer Interface Combined With Transcranial Electrical Stimulation for Peripheral Facial PalsyStimulation in the Treatment of Peripheral Facial Palsy,,Nanjing Medical University,ENROLLING_BY_INVITATION,30,ESTIMATED,,,2025-11-30,2027-12-31,China,False,Non-invasive ('Non-Invasive'),https://clinicaltrials.gov/study/NCT07327710,2026-01-08
NCT03289572,Microgrid II - Electrocorticography Signals for Human Hand Prosthetics,,University of Washington,UNKNOWN,20,ESTIMATED,,,2015-11,2023-12,United States,False,Observational study of an implanted BCI; it does not implant anyone,https://clinicaltrials.gov/study/NCT03289572,2021-04-27
NCT04626713,An Online Home-based Intervention for Anxiety Regulation,,Duke-NUS Graduate Medical School,UNKNOWN,30,ESTIMATED,,,2021-01-05,2022-12-31,Singapore,False,Non-invasive ('non-invasive'),https://clinicaltrials.gov/study/NCT04626713,2021-11-17
NCT02323061,Brain Computer Interface（BCI） System for Stroke Rehabilitation,,Chinese University of Hong Kong,COMPLETED,25,ACTUAL,,,2015-05-01,2017-06,Hong Kong,False,Non-invasive ('EEG'),https://clinicaltrials.gov/study/NCT02323061,2017-09-18
NCT06939660,BCI-Assisted SCS-EXS for Gait Optimization,academic-other,"Xuanwu Hospital, Beijing",RECRUITING,3,ESTIMATED,,chronic,2025-04-23,2026-05-01,China,True,"Implanted BCI ('Brain-machine Interfaces', 'ECoG')",https://clinicaltrials.gov/study/NCT06939660,2025-05-20
NCT06640634,Effect of Anodal Transcranial Direct Current Stimulation on Postdural Puncture Headache,,Neuromed IRCCS,COMPLETED,97,ACTUAL,,,2022-01-11,2024-04-11,Italy,False,No BCI named in the record,https://clinicaltrials.gov/study/NCT06640634,2025-04-02
NCT06726018,Exploring Pain Modulation With TMS and Repeated Pain Conditioning in Healthy Individuals,,"Priyanka Rana, PT, MPT, PhD",ENROLLING_BY_INVITATION,75,ESTIMATED,,,2026-05-01,2026-12,United States,False,No BCI named in the record,https://clinicaltrials.gov/study/NCT06726018,2026-06-11
NCT02843646,Investigating the Use of the WalkAide on a Child's Ability to Ascend/Descend Stairs and Curbs,,Blythedale Children's Hospital,UNKNOWN,12,ESTIMATED,,,2016-07,2023-07,United States,False,No BCI named in the record,https://clinicaltrials.gov/study/NCT02843646,2022-01-10
NCT07465796,A First-in-Human Study of the CIPHER System During Brain Surgery for Newly Diagnosed Glioma,academic-other,Coherence Neuro Australia Pty Limited,RECRUITING,10,ESTIMATED,,acute,2026-05-22,2026-09,Australia,True,"Implanted BCI, temporary ('Intraoperative')",https://clinicaltrials.gov/study/NCT07465796,2026-06-03
NCT06415110,A Prospective Analysis of the Efficacy of Allosync Expand and Autograft Bone Graft in Open Lumbar Spinal Fusion,,Research Source,ENROLLING_BY_INVITATION,40,ESTIMATED,,,2024-06-05,2026-05,United States,False,No BCI named in the record,https://clinicaltrials.gov/study/NCT06415110,2025-08-22
NCT03913273,Agonist-Antagonist Myoneural Interface for Functional Limb Restoration After Transtibial Amputation,,Massachusetts Institute of Technology,COMPLETED,14,ACTUAL,,,2019-06-12,2025-06-01,United States,False,No BCI named in the record,https://clinicaltrials.gov/study/NCT03913273,2026-02-17
NCT02345525,Constraint-Induced Movement Therapy in Chronic Stroke Patients,,University Hospital of Ferrara,COMPLETED,20,ACTUAL,,,2014-08,2017-05,Italy,False,No BCI named in the record,https://clinicaltrials.gov/study/NCT02345525,2017-12-20
NCT07224256,VOICE: An Early Feasibility Study of a Precise Robotically Implanted Brain-Computer Interface for Communication Restoration,neuralink,Neuralink Corp,RECRUITING,6,ESTIMATED,,chronic,2025-10-03,2028-10,United States,True,"Implanted BCI ('Brain-Computer Interface', 'Neuralink')",https://clinicaltrials.gov/study/NCT07224256,2025-11-04
NCT07784920,Lifescapes System in Post-stroke Hand Recovery,,"National University Hospital, Singapore",NOT_YET_RECRUITING,32,ESTIMATED,,,2026-10-01,2027-09-30,Singapore,False,Non-invasive ('EEG'),https://clinicaltrials.gov/study/NCT07784920,2026-08-25
NCT00076466,Brain Changes Associated With Learning a Motor Task,,National Institute of Neurological Disorders and Stroke (NINDS),COMPLETED,72,,,,2004-01-22,,United States,False,No BCI named in the record,https://clinicaltrials.gov/study/NCT00076466,2017-07-02
NCT02848846,NEurocontrolled BIdirectional Artificial Upper Limb and Hand prosthesiS,,Paolo Maria Rossini,UNKNOWN,2,ESTIMATED,,,2016-06,2017-06,Italy,False,No BCI named in the record,https://clinicaltrials.gov/study/NCT02848846,2016-07-29
NCT02115841,Effect of Transcutaneous Nerve Stimulation on Primary Motor Cortex to Modulate Cortical Excitability and Hemodynamic Response During Implicit Motor Learning: A TMS and NIRS Study,,Chang Gung University,UNKNOWN,48,ESTIMATED,,,2013-08,2014-07,Taiwan,False,No BCI named in the record,https://clinicaltrials.gov/study/NCT02115841,2014-04-16
NCT05201651,Creatine and Motor Skill Acquisition,,University of Regina,UNKNOWN,36,ESTIMATED,,,2022-02-10,2022-08-31,Canada,False,No BCI named in the record,https://clinicaltrials.gov/study/NCT05201651,2022-02-24
NCT07190287,Wearable Neural Interfacing System for REM Sleep Restoration and Enhancement,,University of Texas at Austin,COMPLETED,52,ACTUAL,,,2025-07-15,2025-10-03,United States,False,No BCI named in the record,https://clinicaltrials.gov/study/NCT07190287,2025-10-07
NCT03581448,Virtual Neuroprosthesis: Restoring a Sense of Touch to Amputees,,Florida Atlantic University,COMPLETED,21,ACTUAL,,,2017-10-15,2021-10-26,United States,False,No BCI named in the record,https://clinicaltrials.gov/study/NCT03581448,2023-09-18
NCT02659826,Non-invasive Stimulation on Central Nervous System Excitability,,Universidade Federal de Pernambuco,UNKNOWN,15,ESTIMATED,,,2015-10,2016-01,Brazil,False,No BCI named in the record,https://clinicaltrials.gov/study/NCT02659826,2016-01-20
NCT06818877,Training Upper Limbs of Neurodiverse Children by Connecting Brain Activities to a Virtual Reality Based Game,,University of Nebraska,RECRUITING,51,ESTIMATED,,,2025-07-30,2028-05,United States,False,BCI without a brain implant described,https://clinicaltrials.gov/study/NCT06818877,2026-09-03
NCT03767894,MyHand: An Active Hand Orthosis for Stroke Patients,,Columbia University,COMPLETED,12,ACTUAL,,,2017-11-13,2019-06-27,United States,False,No BCI named in the record,https://clinicaltrials.gov/study/NCT03767894,2020-11-05
NCT07477028,Non-Invasive Detection and Preservation of Neurocognitive Signals in the Peri-Death Period Using Brain-Computer Interface and Artificial Intelligence,,"Noah Tech, Corp.",NOT_YET_RECRUITING,20,ESTIMATED,,,2026-09-01,2030-09-30,,False,Non-invasive ('Non-Invasive'),https://clinicaltrials.gov/study/NCT07477028,2026-03-17
NCT02932839,Investigating the Neuronal Bases of Epilepsy With Micro-electrode Arrays in Candidates for Epilepsy Surgery,blackrock,Wyss Center for Bio and Neuroengineering,COMPLETED,3,ACTUAL,,acute,2017-12-28,2019-12-20,Switzerland,True,"Implanted BCI, temporary ('intracranial EEG')",https://clinicaltrials.gov/study/NCT02932839,2021-06-02
NCT05343130,Efficacy of a Brain-Computer Interface Controlled Functional Electrical Stimulation Therapy for Spinal Cord Injury Neurorehabilitation,,Instituto Nacional de Rehabilitacion,RECRUITING,32,ESTIMATED,,,2022-08-01,2027-06,Mexico,False,BCI without a brain implant described,https://clinicaltrials.gov/study/NCT05343130,2025-06-25
NCT06065384,Neural Plasticity and Motor Recovery After Upper Extremity Motor Training in People With c-SCI,,Annemie Spooren,RECRUITING,44,ESTIMATED,,,2024-10-09,2027-03-28,Belgium; Netherlands,False,No BCI named in the record,https://clinicaltrials.gov/study/NCT06065384,2025-12-12
NCT07858006,Brain-computer Interface (BCI)-Guided Upper Limb Neurorehabilitation for Acute Stroke With the recoveriX System,,Tan Tock Seng Hospital,NOT_YET_RECRUITING,12,ESTIMATED,,,2026-10-01,2027-12,,False,Non-invasive ('non-invasive'),https://clinicaltrials.gov/study/NCT07858006,2026-10-05
NCT01964664,Mindfulness Meditation for Subjects With Severe Speech and Physical Impairments,,Oregon Health and Science University,COMPLETED,8,ACTUAL,,,2013-01,2016-10,United States,False,BCI without a brain implant described,https://clinicaltrials.gov/study/NCT01964664,2017-04-13
NCT04768439,Low and High Doses of Prophylactic Vitamin D in Prevention of Osteopenia of Prematurity,,Alexandria University,COMPLETED,80,ACTUAL,,,2020-08-10,2021-04-20,Egypt,False,No BCI named in the record,https://clinicaltrials.gov/study/NCT04768439,2021-09-14
NCT01214356,Impact of Vitamin D on Diabetic Kidney Disease in African Americans,,Medical University of South Carolina,COMPLETED,54,ACTUAL,,,2010-08,2013-07,United States,False,No BCI named in the record,https://clinicaltrials.gov/study/NCT01214356,2018-10-16
NCT03696667,Affect Regulation Based on Brain-computer Interface Towards Treatment for Depression,,"Institute of Mental Health, Singapore",COMPLETED,30,ACTUAL,,,2018-03-08,2018-09-26,Singapore,False,Non-invasive ('EEG'),https://clinicaltrials.gov/study/NCT03696667,2018-10-05
NCT01393444,ECoG Direct Brain Interface for Individuals With Upper Limb Paralysis,academic-other,University of Pittsburgh,COMPLETED,6,ACTUAL,,acute,2011-05,2015-04,United States,True,"Implanted BCI, temporary ('up to 29 days')",https://clinicaltrials.gov/study/NCT01393444,2016-12-12
NCT07083284,Acute Kidney Injury in Neonatal ICU in Assuit University,,Assiut University,NOT_YET_RECRUITING,100,ESTIMATED,,,2025-08-01,2026-08-01,,False,No BCI named in the record,https://clinicaltrials.gov/study/NCT07083284,2025-07-24
NCT07505784,Transcranial Alternating Current Stimulation in Frontotemporal Dementia,,IRCCS Centro San Giovanni di Dio Fatebenefratelli,RECRUITING,30,ESTIMATED,,,2026-02-03,2026-12,Italy,False,No BCI named in the record,https://clinicaltrials.gov/study/NCT07505784,2026-09-24
NCT01997125,Reanimation in Tetraplegia,,Marcia Bockbrader,COMPLETED,1,ACTUAL,,,2013-11,2019-06-13,United States,False,No BCI named in the record,https://clinicaltrials.gov/study/NCT01997125,2021-08-31
NCT01948739,Brain Machine Interface Control of an Robotic Exoskeleton in Training Upper Extremity Functions in Stroke,,"The University of Texas Health Science Center, Houston",COMPLETED,18,ACTUAL,,,2013-09-24,2018-04-28,United States,False,Non-invasive ('non-invasive'),https://clinicaltrials.gov/study/NCT01948739,2021-06-29
NCT04209257,FES to Improve Crouch Gait in CP,,Shriners Hospitals for Children,COMPLETED,13,ACTUAL,,,2012-01,2016-12,United States,False,No BCI named in the record,https://clinicaltrials.gov/study/NCT04209257,2019-12-30
NCT07516028,Brain Connectivity and Corticospinal Excitability in Response to Moderate Hypoxia,,Universite du Littoral Cote d'Opale,RECRUITING,36,ESTIMATED,,,2026-03-15,2026-12-20,France,False,No BCI named in the record,https://clinicaltrials.gov/study/NCT07516028,2026-09-21
NCT06469463,Decoding Motor Imagery From Non-invasive Brain Recordings as a Prerequisite for Innovative Motor Rehabilitation Therapies,,Hospices Civils de Lyon,COMPLETED,30,ACTUAL,,,2026-03-17,2026-07-07,France,False,Non-invasive ('Non-invasive'),https://clinicaltrials.gov/study/NCT06469463,2026-07-28
NCT03834857,SWITCH: Stentrode First-in-Human Study of Implantable BCI for Control of a Digital Device,synchron,Synchron Australia Pty Ltd.,COMPLETED,5,ACTUAL,4,chronic,2019-05-27,2021-12-10,Australia,True,"Implanted BCI ('BCI', 'Stentrode')",https://clinicaltrials.gov/study/NCT03834857,2022-09-01
NCT04290377,Upper Extremity Rehabilitation Training Using Brain-Machine Interface Biofeedback in Stroke Patients With Hemiplegia,,Seoul National University Bundang Hospital,TERMINATED,7,ACTUAL,,,2020-02-25,2022-09-13,South Korea,False,Non-invasive ('fNIRS'),https://clinicaltrials.gov/study/NCT04290377,2025-07-03
NCT04977284,Noninvasive Neuroprosthesis for Autonomic Recovery After SCI,,University of British Columbia,UNKNOWN,5,ESTIMATED,,,2021-09-01,2022-04-30,,False,No BCI named in the record,https://clinicaltrials.gov/study/NCT04977284,2021-07-26
NCT05665998,Brain Controlled Spinal Cord Stimulation in Participants With Cervical Spinal Cord Injury for Upper Limb Rehabilitation,onward,Ecole Polytechnique Fédérale de Lausanne,RECRUITING,3,ESTIMATED,,chronic,2023-05-22,2026-12-31,Switzerland,True,"Implanted BCI ('Brain computer interface', 'electrocorticography')",https://clinicaltrials.gov/study/NCT05665998,2026-04-23
NCT01191307,Assess Specific Kinds of Children Challenges for Neurologic Devices Study,,"Carlos Pena, PhD, MS",TERMINATED,16,ACTUAL,,,2009-03,2014-12,,False,No BCI named in the record,https://clinicaltrials.gov/study/NCT01191307,2016-10-25
NCT07406412,Hormonal Regulation of Cardiometabolic Health Study,,University of Jyvaskyla,RECRUITING,120,ESTIMATED,,,2026-02-13,2028-12-15,Finland,False,No BCI named in the record,https://clinicaltrials.gov/study/NCT07406412,2026-05-06
NCT07025759,Effects of Peripheral Magnetic Stimulation on Cortical Excitability in Healthy Individuals,,Universidade Federal de Pernambuco,RECRUITING,18,ESTIMATED,,,2022-10-01,2025-09,Brazil,False,No BCI named in the record,https://clinicaltrials.gov/study/NCT07025759,2025-06-17
NCT06471517,Neuroprosthetic Device for Improving Issues Caused by Diabetic Neuropathy With Specifically Designed Neural Stimulation,,Institute Mihajlo Pupin,UNKNOWN,20,ESTIMATED,,,2024-06-13,2025-07-31,Serbia,False,No BCI named in the record,https://clinicaltrials.gov/study/NCT06471517,2024-06-24
NCT02132520,A Brain Centered Neuroengineering Approach for Motor Recovery After Stroke: Combined rTMS and BCI Training,,University of Minnesota,COMPLETED,3,ACTUAL,,,2014-03,2017-01,United States,False,Non-invasive ('Electroencephalogra'),https://clinicaltrials.gov/study/NCT02132520,2019-11-01
NCT07500480,Pilot Study: Home Use of Wearable Grasping Neuroprosthesis in Vascular Hemiparesis,,"University Hospital, Toulouse",RECRUITING,2,ESTIMATED,,,2026-04-20,2027-04-30,France,False,No BCI named in the record,https://clinicaltrials.gov/study/NCT07500480,2026-06-30
NCT03221374,Mind-body Awareness Training and Brain-computer Interface,,Carnegie Mellon University,COMPLETED,231,ACTUAL,,,2016-09-01,2023-05-31,United States,False,BCI without a brain implant described,https://clinicaltrials.gov/study/NCT03221374,2024-08-07
NCT05483816,MultiSENSory Stimulation to TArgeT Sensory Loss and ChronIc Pain in NeurOpathic PatieNts,,ETH Zurich,RECRUITING,40,ESTIMATED,,,2022-06-30,2026-02-28,Switzerland,False,Non-invasive ('non-invasive'),https://clinicaltrials.gov/study/NCT05483816,2024-11-18
NCT03900247,Restore Motor Function Through Robotic Arm Exoskeleton and Brain Computer Interface,,University of Aarhus,UNKNOWN,15,ESTIMATED,,,2019-03-18,2021-12-31,Denmark,False,Non-invasive ('electroencephalogra'),https://clinicaltrials.gov/study/NCT03900247,2019-04-02
NCT05470478,iBCI Optimization for Veterans With Paralysis,academic-other,VA Office of Research and Development,NOT_YET_RECRUITING,2,ESTIMATED,,chronic,2026-10-02,2027-06-30,United States,True,"Implanted BCI ('brain-computer interface', 'iBCI')",https://clinicaltrials.gov/study/NCT05470478,2026-07-27
NCT06363071,APA and PAS Training for Gait Initiation in Parkinson's Disease,,Chang Gung University,UNKNOWN,100,ESTIMATED,,,2022-06-13,2025-03-31,Taiwan,False,No BCI named in the record,https://clinicaltrials.gov/study/NCT06363071,2024-04-12
NCT04937452,Dopaminergic Therapy for Frontotemporal Dementia Patients,,I.R.C.C.S. Fondazione Santa Lucia,COMPLETED,75,ACTUAL,,,2021-06-03,2023-12-30,Italy,False,No BCI named in the record,https://clinicaltrials.gov/study/NCT04937452,2024-10-22
NCT07084649,Dual-target iTBS for Youth With ADHD,,Shanghai Mental Health Center,RECRUITING,15,ESTIMATED,,,2025-01-01,2026-09-01,China,False,No BCI named in the record,https://clinicaltrials.gov/study/NCT07084649,2025-07-24
NCT00395538,Effects of PTH Replacement on Bone in Hypoparathyroidism,,National Institute of Dental and Craniofacial Research (NIDCR),TERMINATED,46,ACTUAL,,,2006-10-30,2017-09-30,United States,False,No BCI named in the record,https://clinicaltrials.gov/study/NCT00395538,2019-08-28
NCT04380454,Biomechanical and Neural Mechanisms of Post-stroke Gait Training,,Emory University,COMPLETED,55,ACTUAL,,,2021-03-16,2025-10-01,United States,False,No BCI named in the record,https://clinicaltrials.gov/study/NCT04380454,2026-09-08
NCT05674266,New Treatment Perspectives in Adolescents With Anorexia Nervosa: the Efficacy of Non-invasive Brain-directed Treatment,,Bambino Gesù Hospital and Research Institute,UNKNOWN,80,ESTIMATED,,,2020-06-30,2023-06-30,Italy,False,No BCI named in the record,https://clinicaltrials.gov/study/NCT05674266,2023-04-06
NCT01287975,Brain Computer Interface (BCI) Technology for Stroke Hand Rehabilitation,,Tan Tock Seng Hospital,COMPLETED,21,ACTUAL,,,2011-01,2013-06,Singapore,False,Non-invasive ('electroencephalogra'),https://clinicaltrials.gov/study/NCT01287975,2018-02-27
NCT05551403,Cortical Excitability and Treatment Response in People with Epilepsy,,Stichting Epilepsie Instellingen Nederland,COMPLETED,28,ACTUAL,,,2022-03-16,2024-02-29,Netherlands,False,No BCI named in the record,https://clinicaltrials.gov/study/NCT05551403,2025-02-20
NCT06261502,Effect of CANnabidiol on Anxiety and GABAergic Function in Individuals With Fragile-X Syndrome,,Université de Sherbrooke,RECRUITING,40,ESTIMATED,,,2025-09-01,2028-07-01,Canada,False,No BCI named in the record,https://clinicaltrials.gov/study/NCT06261502,2026-08-28
NCT07267403,Comparison of Modulations of Motor Brain Activity and SedLine After Median Nerve Stimulation in General Anesthesia,,Brugmann University Hospital,RECRUITING,48,ESTIMATED,,,2025-10-27,2026-12-31,Belgium,False,Non-invasive ('electroencephalogra'),https://clinicaltrials.gov/study/NCT07267403,2025-12-05
NCT06464029,Pathways Mediating Impaired Postural Control in Parkinson's Disease,,University of Minnesota,RECRUITING,160,ESTIMATED,,,2024-06-01,2027-06-10,United States,False,No BCI named in the record,https://clinicaltrials.gov/study/NCT06464029,2026-07-02
NCT02874690,Eye Tracking as a Predictor of Methylphenidate Response in Autism With ADHD,,"Children's Hospital Medical Center, Cincinnati",COMPLETED,40,ACTUAL,,,2016-02-19,2017-08-03,United States,False,No BCI named in the record,https://clinicaltrials.gov/study/NCT02874690,2021-01-15
NCT06951035,Impact of rTMS on BCI Control in Upper Limb Motor Rehabilitation of Patients With Chronic Stroke,,"Institut National de la Santé Et de la Recherche Médicale, France",RECRUITING,50,ESTIMATED,,,2025-04-25,2028-04,France,False,Non-invasive ('transcranial'),https://clinicaltrials.gov/study/NCT06951035,2026-06-05
NCT05839535,Enhancing Modulation Effects of Baduanjin Through Neuromodulation for Knee OA,,Massachusetts General Hospital,RECRUITING,140,ESTIMATED,,,2024-03-05,2028-03-30,United States,False,No BCI named in the record,https://clinicaltrials.gov/study/NCT05839535,2026-07-17
NCT00221078,Benefits of Applying Neuroprosthesis for Improving Reaching and Grasping Functions in Stroke Patients,,Toronto Rehabilitation Institute,COMPLETED,40,ACTUAL,,,2003-04,2005-06,Canada,False,No BCI named in the record,https://clinicaltrials.gov/study/NCT00221078,2009-02-05
NCT04189887,Single Bout Exercise on Learning in PD,,National Taiwan University Hospital,COMPLETED,60,ACTUAL,,,2019-11-27,2020-09-26,Taiwan,False,No BCI named in the record,https://clinicaltrials.gov/study/NCT04189887,2023-03-28
NCT03379532,BCI-controlled NMES in Subacute Stroke,,"University Hospital, Geneva",COMPLETED,31,ACTUAL,,,2018-01-26,2024-03-31,Switzerland; United States,False,Non-invasive ('electroencephalogra'),https://clinicaltrials.gov/study/NCT03379532,2024-05-08
NCT04338971,Ipsihand Device Use in Stroke Patients to Assess Functional Motor Outcomes,,"Neurolutions, Inc.",COMPLETED,24,ACTUAL,,,2017-05-05,2020-09-28,United States,False,Non-invasive ('EEG'),https://clinicaltrials.gov/study/NCT04338971,2026-04-17
NCT06702904,Evaluation of Neuroprosthesis with Sensory Feedback for Modulation of Phantom Limb Pain and Enhancing Quality of Life,,Skolkovo Institute of Science and Technology,RECRUITING,50,ESTIMATED,,,2024-12-01,2028-09-01,Russia,False,"Stimulation therapy for Chronic pain, not a BCI for communication or movement",https://clinicaltrials.gov/study/NCT06702904,2024-11-25
NCT03913286,Neuromotor Prosthetic to Treat Stroke-Related Paresis,academic-other,Thomas Jefferson University,COMPLETED,1,ACTUAL,,chronic,2019-05-01,2023-12-01,United States,True,"Implanted BCI ('brain computer interface', 'Utah array')",https://clinicaltrials.gov/study/NCT03913286,2025-04-16
NCT02843919,Characterization of Independant Task Neural Correlates of Different Levels of Mental Workload,,"University Hospital, Grenoble",TERMINATED,19,ACTUAL,,,2014-12,2017-12,France,False,Non-invasive ('Electroencephalogra'),https://clinicaltrials.gov/study/NCT02843919,2018-10-12
NCT02564419,Brain Machine Interface (BMI) in Subjects Living With Quadriplegia,academic-other,Jonathan Jagid,COMPLETED,1,ACTUAL,,chronic,2015-11,2019-11-30,United States,True,"Implanted BCI ('Brain Machine Interface', 'subdural strip')",https://clinicaltrials.gov/study/NCT02564419,2020-09-18
NCT02381171,Transcranial Magnetic Stimulation and/or Neurofunctional Electrical Acupuncture in Myofascial Chronic Pain Patients,,Hospital de Clinicas de Porto Alegre,UNKNOWN,80,ESTIMATED,,,2012-02,2015-12,Brazil,False,No BCI named in the record,https://clinicaltrials.gov/study/NCT02381171,2015-03-06
NCT00102999,Brain Function in Focal Dystonia,,National Institute of Neurological Disorders and Stroke (NINDS),COMPLETED,118,,,,2005-01-31,,United States,False,No BCI named in the record,https://clinicaltrials.gov/study/NCT00102999,2017-07-02
NCT03337867,Theta-Burst-Stimulation in Recurrent Stroke Recovery,,University Hospital of Cologne,UNKNOWN,60,ESTIMATED,,,2018-01-11,2021-11-01,Germany,False,No BCI named in the record,https://clinicaltrials.gov/study/NCT03337867,2019-11-27
NCT06129396,Effects of Aerobic Exercise Intervention in Adolescents With Attention-deficit/Hyperactivity Disorder (ADHD),,National Taiwan University Hospital,UNKNOWN,90,ESTIMATED,,,2023-09-09,2025-10-01,Taiwan,False,No BCI named in the record,https://clinicaltrials.gov/study/NCT06129396,2023-11-13
NCT07339813,Understanding Motor Function in Stroke Patients and Their Functional Brain Reorganization Using Ultra High-field MRI,,Commissariat A L'energie Atomique,RECRUITING,110,ESTIMATED,,,2025-12-10,2027-11,France,False,No device or procedure intervention; the study does not implant anyone,https://clinicaltrials.gov/study/NCT07339813,2026-01-14
NCT05965713,Fully Remote Use of IpsiHand Device in Hemiparetic Stroke,,"Neurolutions, Inc.",COMPLETED,109,ACTUAL,,,2023-10-01,2025-09-12,United States,False,Non-invasive ('non-invasive'),https://clinicaltrials.gov/study/NCT05965713,2026-08-12
NCT05485402,Dietary Strategy to Tackle Sarcopenia in Early Elderly Subjects (FOOP-Sarc),,University Rovira i Virgili,COMPLETED,39,ACTUAL,,,2022-09-01,2023-05-31,Spain,False,No BCI named in the record,https://clinicaltrials.gov/study/NCT05485402,2025-12-22
NCT07455461,Cortical Excitability During de Novo Motor Learning,,Universite du Littoral Cote d'Opale,RECRUITING,40,ESTIMATED,,,2026-02-25,2027-06,France,False,No BCI named in the record,https://clinicaltrials.gov/study/NCT07455461,2026-03-06
NCT00017875,Transcranial Magnetic Stimulation (TMS) Studies of Dystonia,,National Institute of Neurological Disorders and Stroke (NINDS),COMPLETED,120,,,,2001-06,,United States,False,No BCI named in the record,https://clinicaltrials.gov/study/NCT00017875,2008-03-04
NCT06835595,TMS-related Measures as Biomarker of Cognitive Impairment in PD,,Azienda Sanitaria Universitaria Integrata del Trentino,RECRUITING,52,ESTIMATED,,,2025-09-10,2029-01-01,Italy,False,No BCI named in the record,https://clinicaltrials.gov/study/NCT06835595,2025-12-22
NCT00718458,EEG-Based Brain-Computer Interface Project for Individuals With Amyotrophic Lateral Sclerosis (ALS),,Drexel University College of Medicine,COMPLETED,102,ACTUAL,,,2007-08,2016-12,United States,False,Non-invasive ('electroencephalogra'),https://clinicaltrials.gov/study/NCT00718458,2017-03-30
NCT05439655,Acute Recording of Stereotyped High-Frequency Oscillations,,Mayo Clinic,ACTIVE_NOT_RECRUITING,12,ACTUAL,,,2021-09-01,2025-08-11,United States,False,"Stimulation therapy for Epilep, not a BCI for communication or movement",https://clinicaltrials.gov/study/NCT05439655,2026-07-20
NCT05527743,Effectiveness of an Invasive Physical Therapy Protocol in Carpal Tunnel Syndrome: Randomized Controlled Clinical Trial,,Universitat Internacional de Catalunya,UNKNOWN,46,ESTIMATED,,,2023-04-01,2024-04-01,Spain,False,No BCI named in the record,https://clinicaltrials.gov/study/NCT05527743,2022-09-02
NCT00106249,Transcranial Magnetic Stimulation (TMS) and Obsessive Compulsive Disorder (OCD),,New York State Psychiatric Institute,COMPLETED,27,ACTUAL,,,2004-11,2014-01,United States,False,No BCI named in the record,https://clinicaltrials.gov/study/NCT00106249,2017-01-27
NCT02114450,Human-Machine System for the H2 Lower Limb Exoskeleton,,University of Houston,RECRUITING,60,ESTIMATED,,,2015-11-20,2027-12,United States,False,No BCI named in the record,https://clinicaltrials.gov/study/NCT02114450,2024-10-30
NCT00529308,Transcranial Magnetic Stimulation (TMS) for Individuals With Tourette's Syndrome,,Yale University,COMPLETED,20,ACTUAL,,,2007-07,2011-07,United States,False,No BCI named in the record,https://clinicaltrials.gov/study/NCT00529308,2019-02-21
NCT02980380,Brain Computer Interface Complete locked-in State Communication,,University Hospital Tuebingen,UNKNOWN,15,ESTIMATED,,,2014-06,2021-12,Germany,False,Non-invasive ('non-invasive'),https://clinicaltrials.gov/study/NCT02980380,2019-04-19
NCT03482310,Restoring High Dimensional Hand Function to Persons With Chronic High Tetraplegia,blackrock,VA Office of Research and Development,COMPLETED,1,ACTUAL,,chronic,2018-06-01,2023-09-30,United States,True,"Implanted BCI ('Brain computer interface', 'Neuroport')",https://clinicaltrials.gov/study/NCT03482310,2026-02-20
NCT02169375,Sensorimotor Based Brain Computer Interface,,University of Michigan,TERMINATED,6,ACTUAL,,,2010-11,2011-06,United States,False,Non-invasive ('EEG'),https://clinicaltrials.gov/study/NCT02169375,2014-06-23
NCT05913401,Exercise to Augment TMS in Those With Treatment Resistant Depression,,Butler Hospital,COMPLETED,26,ACTUAL,,,2024-02-01,2025-12-30,United States,False,No BCI named in the record,https://clinicaltrials.gov/study/NCT05913401,2026-06-03
NCT07386210,Antihypertensive Effects of Rosmarinus Officinalis L. Infusion,,awatef Sassi,COMPLETED,54,ACTUAL,,,2023-03-20,2025-08-28,Tunisia,False,No BCI named in the record,https://clinicaltrials.gov/study/NCT07386210,2026-02-04
NCT07128160,Cortical Inhibition in Patients With Multiple Sclerosis,,Assiut University,NOT_YET_RECRUITING,50,ESTIMATED,,,2025-11-01,2026-11-01,,False,No BCI named in the record,https://clinicaltrials.gov/study/NCT07128160,2025-08-17
NCT04228224,Stroke Rehabilitation Program Based on a Powered Lower Extremity Exoskeleton in Chile,,Corporación de Rehabilitación Club de Leones Cruz del Sur,COMPLETED,50,ACTUAL,,,2019-07-01,2020-01-31,Chile,False,BCI without a brain implant described,https://clinicaltrials.gov/study/NCT04228224,2020-07-16
NCT05307146,Brain Activity in Epilepsy,,Universitaire Ziekenhuizen KU Leuven,RECRUITING,60,ESTIMATED,,,2013-12-18,2035-01-01,Belgium,False,No BCI named in the record,https://clinicaltrials.gov/study/NCT05307146,2022-04-01
NCT00788723,Cortical Excitability in Patients With Severe Brain Injury,,University of Aarhus,UNKNOWN,45,ESTIMATED,,,2008-07,2009-03,Denmark,False,No BCI named in the record,https://clinicaltrials.gov/study/NCT00788723,2008-11-11
NCT06363058,Electrical Stimulation Cycling Training Effects on SCA,,Chang Gung University,UNKNOWN,145,ESTIMATED,,,2022-04-08,2025-07-31,Taiwan,False,No BCI named in the record,https://clinicaltrials.gov/study/NCT06363058,2024-04-17
NCT07603752,Implantable Wireless Brain-Machine Interface System for Spinal Cord Injury: Efficacy and Safety Study,stairmed,"Shanghai StairMed Technology Co., Ltd.",RECRUITING,34,ESTIMATED,,chronic,2026-04-28,2027-01-31,China,True,"Implanted BCI ('Brain-Machine Interface', 'Implantable Wireless Brain-Machine Interface')",https://clinicaltrials.gov/study/NCT07603752,2026-05-22
NCT01344044,Brain-Computer Interface (BCI) Based Intervention for Attention Deficit Hyperactivity Disorder (ADHD),,"National Healthcare Group, Singapore",COMPLETED,192,ACTUAL,,,2011-01,2016-05-13,Singapore,False,Non-invasive ('fMRI'),https://clinicaltrials.gov/study/NCT01344044,2017-03-30
NCT07133347,Creating an Engaging BCI/FES Therapy for Children With Perinatal Stroke Using Social Media,,University of Calgary,COMPLETED,12,ACTUAL,,,2024-11-25,2025-04-20,Canada,False,Non-invasive ('EEG'),https://clinicaltrials.gov/study/NCT07133347,2025-08-21
NCT02195271,Neuroplasticity:Melatonin and Transcranial Current Stimulation in Healthy Subjects.,,Hospital de Clinicas de Porto Alegre,UNKNOWN,50,ESTIMATED,,,2014-03,2014-08,Brazil,False,No BCI named in the record,https://clinicaltrials.gov/study/NCT02195271,2014-07-21
NCT03947684,Exploring the Modulatory Role of Sex Hormones Along the Neuromechanical Axis in Females,,University of Texas Southwestern Medical Center,COMPLETED,102,ACTUAL,,,2019-04-12,2024-04-30,United States,False,No BCI named in the record,https://clinicaltrials.gov/study/NCT03947684,2026-02-09
NCT06536634,Effects and Mechanisms of Sensory Afferent Electrostimulation on Upper Limb Function in Patients With Hemiparesis,,"Insel Gruppe AG, University Hospital Bern",RECRUITING,34,ESTIMATED,,,2025-01-01,2027-10-01,Switzerland,False,No BCI named in the record,https://clinicaltrials.gov/study/NCT06536634,2025-11-20
NCT03658798,Grasping Rehabilitation With Functional Electrical Stimulation Garment,,Milos Popovic,TERMINATED,8,ACTUAL,,,2017-10-02,2022-09-12,Canada,False,No BCI named in the record,https://clinicaltrials.gov/study/NCT03658798,2022-09-15
NCT07244484,Closed-Loop Neurofeedback Targeting the Left Dorsolateral Prefrontal Cortex for Cardiac Autonomic Modulation in Coronary Artery Disease With Anxiety,,Shenyang Medical College,RECRUITING,56,ESTIMATED,,,2025-11-23,2026-05-23,China,False,Non-invasive ('non-invasive'),https://clinicaltrials.gov/study/NCT07244484,2026-04-22
NCT03194464,Fatiguing Arm Exercise Following Stroke,,VA Office of Research and Development,COMPLETED,15,ACTUAL,,,2016-02-01,2018-05-21,United States,False,No BCI named in the record,https://clinicaltrials.gov/study/NCT03194464,2020-06-04
NCT04353297,BCI-assisted MI Intervention in Subacute Stroke,,I.R.C.C.S. Fondazione Santa Lucia,COMPLETED,49,ACTUAL,,,2021-01-28,2023-10-31,Italy,False,Non-invasive ('Electroencephalogra'),https://clinicaltrials.gov/study/NCT04353297,2024-02-28
NCT01538225,Neurophysiological Study of Sativex in Multiple Sclerosis (MS) Spasticity,,"Almirall, S.A.",COMPLETED,45,ACTUAL,,,2012-04,2013-11,Italy,False,No BCI named in the record,https://clinicaltrials.gov/study/NCT01538225,2014-01-20
NCT06586125,Virtual Reality Impact on Powered Mobility: a Feasibility Study,,Azienda Usl di Bologna,COMPLETED,10,ACTUAL,,,2023-09-04,2024-12-20,Italy,False,Non-invasive ('headset'),https://clinicaltrials.gov/study/NCT06586125,2025-08-01
NCT03257982,Patient Self-managed BCI-FES,,NHS Greater Glasgow and Clyde,COMPLETED,22,ACTUAL,,,2018-01-25,2019-03-14,United Kingdom,False,BCI without a brain implant described,https://clinicaltrials.gov/study/NCT03257982,2021-01-19
NCT05810220,Investigating Auditory Processing in the Users of Auditory Brainstem and Cochlear Implants,,NYU Langone Health,RECRUITING,200,ESTIMATED,,,2018-12-02,2026-12,United States,False,"Sensory prosthesis, out of v1 scope ('Cochlear')",https://clinicaltrials.gov/study/NCT05810220,2025-12-30
NCT02559518,Non-invasive Cerebellar Stimulation on Motor Learning,,Universidade Federal de Pernambuco,COMPLETED,18,ACTUAL,,,2015-09,2016-08,Brazil,False,No BCI named in the record,https://clinicaltrials.gov/study/NCT02559518,2018-10-12
NCT04380649,Development and Test of a Headset for BCI Until Obtaining an Efficient and Comfortable System That Can be Used in Daily Practice by ALS People,,Centre Hospitalier Universitaire de Nice,ACTIVE_NOT_RECRUITING,5,ACTUAL,,,2023-02-13,2024-08-12,France,False,Non-invasive ('EEG'),https://clinicaltrials.gov/study/NCT04380649,2025-11-26
NCT06657274,"EARLY-COGN^3 - Smart Digital Solutions for EARLY Treatment of COGnitive Disability: a Neuropsychological, Neurophysiological and Neurobiological Perspective in Chronic Neurological Diseases - PNRR-MCNT2-2023-12377069",,IRCCS Centro San Giovanni di Dio Fatebenefratelli,RECRUITING,60,ESTIMATED,,,2024-12-09,2026-08-30,Italy,False,No BCI named in the record,https://clinicaltrials.gov/study/NCT06657274,2025-05-02
NCT03886168,Pediatric Image-Guided Cochlear Implant Programming,,Vanderbilt University Medical Center,COMPLETED,47,ACTUAL,,,2019-06-30,2025-03-31,United States,False,"Sensory prosthesis, out of v1 scope ('Cochlear')",https://clinicaltrials.gov/study/NCT03886168,2026-08-24
NCT06940089,Invasive Brain-Computer Interfaces for Attention,academic-other,University of Texas at Austin,WITHDRAWN,0,ACTUAL,,acute,2025-05-01,2026-04-01,United States,True,"Implanted BCI, temporary ('epilepsy surgery')",https://clinicaltrials.gov/study/NCT06940089,2026-05-01
NCT06871384,Dietary Strategy to Tackle Cognitive and Locomotor Abilities in Early Elderly Subjects,,University Rovira i Virgili,RECRUITING,72,ESTIMATED,,,2025-03-26,2026-09,Spain,False,No BCI named in the record,https://clinicaltrials.gov/study/NCT06871384,2026-03-05
NCT06940635,Exploratory Study on the Potential Cross-System Effects of BCI-FES Hand Therapy on Dysphagia and Aphasia in Chronic Stroke Patients,,VASCage GmbH,RECRUITING,10,ESTIMATED,,,2025-06-04,2026-06-30,Austria,False,Non-invasive ('EEG'),https://clinicaltrials.gov/study/NCT06940635,2025-11-26
NCT06600269,Cycling-Based Priming Coordination Training for Enhancing Ataxia Recovery and Brain Plasticity,,Chang Gung University,RECRUITING,40,ESTIMATED,,,2024-10-04,2026-08,Taiwan,False,No BCI named in the record,https://clinicaltrials.gov/study/NCT06600269,2024-10-08
NCT06094205,Feasibility of the BrainGate2 Neural Interface System in Persons With Tetraplegia (BG-Speech-02),braingate,"Leigh R. Hochberg, MD, PhD.",RECRUITING,2,ESTIMATED,,chronic,2023-10-16,2027-08-31,United States,True,"Implanted BCI ('Brain-computer Interface', 'iBCIs')",https://clinicaltrials.gov/study/NCT06094205,2025-12-01
NCT07784088,Implantable Wireless Brain-Computer Interface Systems in Patients With Tetraplegia,academic-other,"BCIFlex Medical Technology Co., Ltd.",RECRUITING,34,ESTIMATED,,chronic,2026-07-15,2027-06,China,True,"Implanted BCI ('Brain-Computer Interface', 'Implantable Wireless Brain-Computer Interface')",https://clinicaltrials.gov/study/NCT07784088,2026-08-25
NCT03630588,Effect of the Consumption of an Enriched Surimi in Abdominal Visceral Adiposity,,"Technological Centre of Nutrition and Health, Spain",COMPLETED,120,ACTUAL,,,2018-08-02,2018-12-23,Spain,False,No BCI named in the record,https://clinicaltrials.gov/study/NCT03630588,2022-03-02
NCT07745686,VALSE: Integration of Neuromodulation and Exoskeleton Systems for Mobility in Individuals With Chronic Spinal Cord Injury,,Ecole Polytechnique Fédérale de Lausanne,NOT_YET_RECRUITING,12,ESTIMATED,,,2026-09-15,2028-05,Switzerland,False,"The implant is spinal or peripheral, not in the brain ('spinal cord stimulat')",https://clinicaltrials.gov/study/NCT07745686,2026-08-04
NCT04723823,Sensorimotor Imaging for Brain-Computer Interfaces,,University of Pittsburgh,COMPLETED,8,ACTUAL,,,2019-08-08,2024-05-21,United States,False,Non-invasive ('fMRI'),https://clinicaltrials.gov/study/NCT04723823,2024-08-30
NCT07209943,"Augmented Reality BCI Longitudinal Study for Persons With ALS, Stroke, TBI and SCI Utilizing Cognixion + Apple Vision Pro",,Cognixion,NOT_YET_RECRUITING,10,ESTIMATED,,,2025-10-16,2026-04-30,United States,False,BCI without a brain implant described,https://clinicaltrials.gov/study/NCT07209943,2025-10-07
NCT07647315,Wireless Implantable Mandarin Chinese Speech Neuroprosthesis Evaluation,stairmed,"Shanghai StairMed Technology Co., Ltd.",RECRUITING,4,ESTIMATED,,chronic,2026-09-01,2028-08-30,China,True,"Implanted BCI ('brain-computer interface', 'implantable wireless brain-computer interface')",https://clinicaltrials.gov/study/NCT07647315,2026-09-11
NCT03409133,Feasibility of Neural Feedback for Lower Limb Amputees,,Louis Stokes VA Medical Center,RECRUITING,15,ESTIMATED,,,2015-11-05,2027-09-01,United States,False,No BCI named in the record,https://clinicaltrials.gov/study/NCT03409133,2026-03-06
NCT07073378,BCI@Home: Brain Computer Interface Solutions to Enable Youth Living With Severe Disabilities,,University of Calgary,RECRUITING,18,ESTIMATED,,,2025-11-01,2027-08-31,Canada,False,Non-invasive ('headset'),https://clinicaltrials.gov/study/NCT07073378,2026-05-05
NCT07745335,AVE-Neurofeedback for Academic Anxiety and Divergent Thinking,,Daniswara Raditya Suprapto,RECRUITING,240,ESTIMATED,,,2026-09-04,2026-12-25,Indonesia,False,Non-invasive ('electroencephalogra'),https://clinicaltrials.gov/study/NCT07745335,2026-09-02
NCT02596789,Cortical Excitability Using Transcranial Magnetic Stimulation and Neuronavigation Device,,"University Hospital, Grenoble",COMPLETED,75,ACTUAL,,,2012-06,2016-06,France,False,No BCI named in the record,https://clinicaltrials.gov/study/NCT02596789,2017-05-08
NCT04923659,Pharmacological Mechanisms of Low-intensity Focused Ultrasound for Motor Cortex Neuroplasticity,,"University Health Network, Toronto",ACTIVE_NOT_RECRUITING,20,ESTIMATED,,,2021-05-25,2022-07-10,Canada,False,No BCI named in the record,https://clinicaltrials.gov/study/NCT04923659,2025-08-03
NCT01208688,FES Therapy:Restoring Voluntary Grasping Function in Chronic SCI,,Toronto Rehabilitation Institute,COMPLETED,15,ACTUAL,,,2009-09,2011-09,Canada,False,No BCI named in the record,https://clinicaltrials.gov/study/NCT01208688,2012-09-25
NCT05465486,NeuroSuitUp: Neurorehabilitation Through Synergistic Man-machine Interfaces,,Aristotle University Of Thessaloniki,UNKNOWN,20,ESTIMATED,,,2025-02-01,2025-12-31,Greece,False,Non-invasive ('EEG'),https://clinicaltrials.gov/study/NCT05465486,2024-07-31
NCT07731841,Transcranial Magnetic Stimulation for Freezing of Gait in Parkinson's Disease,,The First Affiliated Hospital with Nanjing Medical University,COMPLETED,85,ACTUAL,,,2021-09-01,2025-12-30,China,False,No BCI named in the record,https://clinicaltrials.gov/study/NCT07731841,2026-07-28
NCT03843203,Long Term Home Based tDCS in Fibromyalgia,,Hospital de Clinicas de Porto Alegre,UNKNOWN,84,ESTIMATED,,,2018-06-01,2020-01-01,Brazil,False,No BCI named in the record,https://clinicaltrials.gov/study/NCT03843203,2019-02-18
NCT01747070,"Effect of Cranial Stimulation and Acupuncture on Pain, Functional Capability and Cerebral Function in Osteoarthritis",,Hospital de Clinicas de Porto Alegre,COMPLETED,60,ACTUAL,,,2014-03,2016-03,Brazil,False,No BCI named in the record,https://clinicaltrials.gov/study/NCT01747070,2017-08-22
NCT01364480,Microelectrode Brain-Machine Interface for Individuals With Tetraplegia,blackrock,Michael Boninger,TERMINATED,1,ACTUAL,,chronic,2011-05-01,2022-11-26,United States,True,"Implanted BCI ('Brain-Machine Interface', 'NeuroPort')",https://clinicaltrials.gov/study/NCT01364480,2024-01-09
NCT02256124,Effect of Lamotrigine on Cognition in NF1,,Erasmus Medical Center,TERMINATED,41,ACTUAL,,,2014-10,2020-04,Belgium; Netherlands; Spain,False,No BCI named in the record,https://clinicaltrials.gov/study/NCT02256124,2020-04-14
NCT01005524,Brain Computer Interface for Communication in ICU: a Feasibility Study,,University of Versailles,COMPLETED,12,ACTUAL,,,2010-01,2012-03,France,False,BCI without a brain implant described,https://clinicaltrials.gov/study/NCT01005524,2012-05-23
NCT06596369,Transcutaneous Spinal Cord Stimulation for Upper Extremity Function,,University of Alberta,RECRUITING,30,ESTIMATED,,,2024-06-15,2029-09-14,Canada,False,No BCI named in the record,https://clinicaltrials.gov/study/NCT06596369,2026-04-13
NCT02284022,Clinical Validation Protocol for BCI for the Communication of Patients Suffering From Neuromuscular Disorders.,,Centre d'Investigation Clinique et Technologique 805,COMPLETED,15,ACTUAL,,,2014-10,2017-02,France,False,BCI without a brain implant described,https://clinicaltrials.gov/study/NCT02284022,2017-04-20
NCT02440451,Rt-fMRI NF Intervention Study in ASD,,University of Coimbra,COMPLETED,15,ACTUAL,,,2016-02,2017-09,,False,Non-invasive ('fMRI'),https://clinicaltrials.gov/study/NCT02440451,2019-02-20
NCT06426602,mindBEAGLE: Unlocking Functional Communication for Patients With Disorders of Consciousness,,Amy Wagner,ENROLLING_BY_INVITATION,40,ESTIMATED,,,2024-10-01,2026-03-01,United States,False,BCI without a brain implant described,https://clinicaltrials.gov/study/NCT06426602,2026-06-04
NCT06409754,BCI-FES for Upper Limb Rehabilitation in Chronic Stroke,,Instituto Nacional de Rehabilitacion,RECRUITING,26,ESTIMATED,,,2024-08-06,2025-07,Mexico,False,Non-invasive ('electroencephalogra'),https://clinicaltrials.gov/study/NCT06409754,2025-02-27
NCT05637775,DiSCIoser: Improving Arm Sensorimotor Functions After Spinal Cord Injury Via Brain-Computer Interface Training,,I.R.C.C.S. Fondazione Santa Lucia,COMPLETED,30,ACTUAL,,,2022-11-15,2025-05-31,Italy,False,Non-invasive ('Electroencephalogra'),https://clinicaltrials.gov/study/NCT05637775,2025-09-15
NCT03670186,Effects of Genetic Variation on the Efficacy of Aerobic Exercise,,McMaster University,COMPLETED,18,ACTUAL,,,2018-02-01,2018-12-03,Canada,False,No BCI named in the record,https://clinicaltrials.gov/study/NCT03670186,2024-11-20
NCT06160453,HEROES: Human Extremity Robotic Rehabilitation and Outcome Enhancement for Stroke,,Aristotle University Of Thessaloniki,UNKNOWN,70,ESTIMATED,,,2024-12-01,2025-12-31,Greece,False,Non-invasive ('EEG'),https://clinicaltrials.gov/study/NCT06160453,2024-07-17
NCT02408237,Transcranial Direct Current Stimulation Apparatus for Domiciliary Use,,Hospital de Clinicas de Porto Alegre,COMPLETED,15,ACTUAL,,,2017-03-28,2017-08-31,Brazil,False,No BCI named in the record,https://clinicaltrials.gov/study/NCT02408237,2017-12-26
NCT06642519,Brain-Machine Interface for Freezing of Gait,,University of Toronto,ENROLLING_BY_INVITATION,10,ESTIMATED,,,2025-04-10,2026-10-30,Canada,False,"Stimulation therapy for Parkinson, not a BCI for communication or movement",https://clinicaltrials.gov/study/NCT06642519,2025-09-22
NCT02685839,Development of an Intelligent POWER Rehabilitation Cluster Machine and Its Clinical Testing and Assessment,,"Taipei Veterans General Hospital, Taiwan",UNKNOWN,60,ESTIMATED,,,2015-05,2016-06,Taiwan,False,BCI without a brain implant described,https://clinicaltrials.gov/study/NCT02685839,2016-05-24
NCT07109830,Utilizing an EEG-Based BCI Game to Evaluate Cognitive Skills in Children With Motor Impairments,,University of Alberta,RECRUITING,73,ESTIMATED,,,2025-11-11,2026-08,Canada,False,Non-invasive ('Electroencephalogra'),https://clinicaltrials.gov/study/NCT07109830,2026-05-07
NCT03213561,Stable and Independent Communication Brain-computer Interfaces,,Tomislav Milekovic,TERMINATED,10,ACTUAL,,,2017-07-11,2019-11-22,Switzerland,False,Non-invasive ('Non-invasive'),https://clinicaltrials.gov/study/NCT03213561,2020-03-30
NCT05777070,Effects of Remote Ischemic Conditioning on Bimanual Skill Learning and Corticospinal Excitability in Children With Unilateral Cerebral Palsy,,East Carolina University,COMPLETED,51,ACTUAL,,,2022-11-07,2024-12-31,United States,False,No BCI named in the record,https://clinicaltrials.gov/study/NCT05777070,2025-07-14
NCT01801254,Using EEG Operant Conditioning to Improve Trait Self-Control and Promote Healthy Behavior,,University of Rochester,COMPLETED,16,ACTUAL,,,2013-02,2013-08,United States,False,Non-invasive ('EEG'),https://clinicaltrials.gov/study/NCT01801254,2015-04-30
NCT06459401,Effects of an Overground Propulsion Neuroprosthesis in Community-dwelling Individuals After Stroke,,Boston University Charles River Campus,COMPLETED,10,ACTUAL,,,2021-02-22,2022-05-17,United States,False,No BCI named in the record,https://clinicaltrials.gov/study/NCT06459401,2025-10-20
NCT07460037,Chinese-Specific Speech Imagery Coding Using High-Density ECoG,academic-other,"Second Affiliated Hospital, Zhejiang University, School of Medicine",RECRUITING,50,ESTIMATED,,acute,2026-03-15,2028-12-31,China,True,"Implanted BCI, temporary ('intraoperative')",https://clinicaltrials.gov/study/NCT07460037,2026-03-10
NCT07127172,GB-PRIME: An Early Feasibility Study of a Precise Robotically Implanted Brain-Computer Interface for the Control of External Devices,neuralink,Neuralink Corp,RECRUITING,7,ESTIMATED,,chronic,2025-07-31,2028-01,United Kingdom,True,"Implanted BCI ('Brain-Computer Interface', 'Neuralink')",https://clinicaltrials.gov/study/NCT07127172,2025-08-17
NCT07554443,"Wearable Sensory Prosthesis to Improve Coordination, Walking, and Physical Activity",,RxFunction Inc.,RECRUITING,18,ESTIMATED,,,2026-06-25,2027-05,United States,False,No BCI named in the record,https://clinicaltrials.gov/study/NCT07554443,2026-06-25
NCT05845528,Impact of Susceptibility to Placebo on the Effect of Transcranial Direct Current Stimulation (tDCS) in Fibromyalgia,,Hospital de Clinicas de Porto Alegre,COMPLETED,100,ACTUAL,,,2021-09-16,2023-04-25,Brazil,False,No BCI named in the record,https://clinicaltrials.gov/study/NCT05845528,2026-01-08
NCT01123200,An In-home Study of Brain Computer Interfaces,,University of Michigan,COMPLETED,1,ACTUAL,,,2010-01,2011-05,United States,False,BCI without a brain implant described,https://clinicaltrials.gov/study/NCT01123200,2017-03-15
NCT04108312,Age-related Changes in Myeloarchitectonics Across Adulthood in Autism Spectrum Disorder,,San Diego State University,COMPLETED,80,ESTIMATED,,,2015-05,2021-06,United States,False,No BCI named in the record,https://clinicaltrials.gov/study/NCT04108312,2022-05-20
NCT03271736,Effects of Rhythmic Auditory Cueing on Stepping in Place in Patients With Parkinson's Disease,,HsiuYun Chang,COMPLETED,21,ACTUAL,,,2018-02-08,2018-05-30,Taiwan,False,No BCI named in the record,https://clinicaltrials.gov/study/NCT03271736,2019-04-02
NCT07020312,Brain-Computer Interface Visualization Training to Optimize Muscle Activation Following Orthopaedic Surgery,,Rush University Medical Center,RECRUITING,240,ESTIMATED,,,2025-08-14,2028-05-01,United States,False,Non-invasive ('Electroencephalogra'),https://clinicaltrials.gov/study/NCT07020312,2026-06-18
NCT07028515,Self-controlled Practice on Motor Learning and Motivation in Parkinson's Disease,,National Taiwan University Hospital,ACTIVE_NOT_RECRUITING,72,ESTIMATED,,,2025-07-08,2027-07-31,Taiwan,False,No BCI named in the record,https://clinicaltrials.gov/study/NCT07028515,2026-09-17
NCT04387474,The Effectiveness of Rehabilitation Training Based on Brain-computer Interface Technology to Improve the Upper Limb Motor Function of Ischemic Stroke.,,Beijing Tiantan Hospital,COMPLETED,300,ACTUAL,,,2020-05-10,2022-04-20,China,False,BCI without a brain implant described,https://clinicaltrials.gov/study/NCT04387474,2024-02-21
NCT05258591,Post-stroke Motor Rehabilitation Using Functional Near-infrared Spectroscopy-based Brain-computer-interface,,Axem Neurotechnology Inc.,UNKNOWN,40,ESTIMATED,,,2022-02-23,2023-08,United States,False,Non-invasive ('fNIRS'),https://clinicaltrials.gov/study/NCT05258591,2022-05-26
NCT03381456,Task-dependent Operation of a Mechanism Intracortical Inhibition in Dystonia,,"University Hospital, Lille",COMPLETED,20,ACTUAL,,,2015-04,2017-04,France,False,No BCI named in the record,https://clinicaltrials.gov/study/NCT03381456,2017-12-22
NCT02401698,Exploring Cerebellar Inhibition of the Motor Cortex in Stroke Patients,,University of Sao Paulo General Hospital,SUSPENDED,8,ESTIMATED,,,2014-12,2016-02,Brazil,False,No BCI named in the record,https://clinicaltrials.gov/study/NCT02401698,2016-01-11
NCT07842458,Depth Electrode Cortical Reverberation Monitoring After Traumatic Brain Injury,,Samuel Cramer,RECRUITING,15,ESTIMATED,,,2026-05-01,2027-01-30,United States,False,No BCI named in the record,https://clinicaltrials.gov/study/NCT07842458,2026-09-25
NCT04658693,Functional and Neuroprotective Effects of Restoring Lower Limb Sensation After Diabetic Peripheral Neuropathy,,VA Office of Research and Development,ACTIVE_NOT_RECRUITING,15,ACTUAL,,,2021-03-02,2027-10-01,United States,False,No BCI named in the record,https://clinicaltrials.gov/study/NCT04658693,2026-09-30
NCT07316413,Repetitive Transcranial Magnetic Stimulation in Frontotemporal Lobar Degeneration,,Università degli Studi di Brescia,RECRUITING,120,ESTIMATED,,,2025-02-13,2027-09-01,Italy,False,No BCI named in the record,https://clinicaltrials.gov/study/NCT07316413,2026-01-05
NCT01957410,A Study to Investigate Evoked Potentials as Markers of Ketamine-induced Cortical Plasticity in Patients With Major Depressive Disorder,,"Janssen Research & Development, LLC",TERMINATED,13,ACTUAL,,,2014-02,2015-09,United States,False,No BCI named in the record,https://clinicaltrials.gov/study/NCT01957410,2017-01-27
NCT03356262,The QUebec Adipose and Lifestyle InvesTigation in Youth (QUALITY) Cohort,,St. Justine's Hospital,ACTIVE_NOT_RECRUITING,630,ACTUAL,,,2005-07-25,2030-12-31,,False,No BCI named in the record,https://clinicaltrials.gov/study/NCT03356262,2024-12-02
NCT06381388,Interaction Between the Brain Hemispheres - Key to Motor Recovery After Stroke,,Jord Vink,RECRUITING,40,ESTIMATED,,,2024-10-11,2027-12-31,Netherlands,False,No BCI named in the record,https://clinicaltrials.gov/study/NCT06381388,2025-08-27
NCT02987140,Understand FoG in PD: Behavioral Physiology and Clinical Application,,National Taiwan University Hospital,UNKNOWN,70,ESTIMATED,,,2016-12,2019-12,Taiwan,False,No BCI named in the record,https://clinicaltrials.gov/study/NCT02987140,2016-12-08
NCT03795324,Red-fleshed Apple as a Novel Anthocyanin-biofortified Food to Improve Cardiometabolic Risk Factors.,,University Rovira i Virgili,UNKNOWN,120,ESTIMATED,,,2019-01,2019-12,Spain,False,No BCI named in the record,https://clinicaltrials.gov/study/NCT03795324,2019-01-07
NCT05095740,Effects of Neuromodulation in Laryngeal Dystonia,,MGH Institute of Health Professions,RECRUITING,25,ESTIMATED,,,2021-06-10,2026-12-31,United States,False,No BCI named in the record,https://clinicaltrials.gov/study/NCT05095740,2026-02-20
NCT05311878,Non-invasive BCI for Cognitive Enhancement,,University of Texas at Austin,COMPLETED,32,ACTUAL,,,2021-01-01,2023-11-01,United States,False,Non-invasive ('Non-invasive'),https://clinicaltrials.gov/study/NCT05311878,2025-04-24
NCT06569550,Fatigue Alleviation Through Neuromodulating Therapy in Multiple Sclerosis,,Danish Research Centre for Magnetic Resonance,RECRUITING,60,ESTIMATED,,,2024-08-14,2027-01-21,Denmark,False,No BCI named in the record,https://clinicaltrials.gov/study/NCT06569550,2026-09-22
NCT07628361,Contralateral Resistance Training During Immobilization in Patients With Acromioclavicular Joint Injury,,Universidad Nacional Andres Bello,RECRUITING,16,ESTIMATED,,,2026-01-01,2027-07-01,Chile,False,No BCI named in the record,https://clinicaltrials.gov/study/NCT07628361,2026-06-08
NCT03368703,Physiopathology of Lower Cortical Activation in COPD Patients: Contribution of Cortical Neuromodulation,,5 Santé,COMPLETED,34,ACTUAL,,,2017-06-01,2018-06-30,France,False,No BCI named in the record,https://clinicaltrials.gov/study/NCT03368703,2020-01-13
NCT06179745,BCI Driving FES and Hand Orthosis for Upper Limb Rehabilitation in Chronic Stroke,,University of Essex,UNKNOWN,32,ESTIMATED,,,2022-03-14,2025-03-31,Italy,False,Non-invasive ('EEG'),https://clinicaltrials.gov/study/NCT06179745,2023-12-22
NCT02234557,Tai Chi Training for Children With ADHD,,"Hugo W. Moser Research Institute at Kennedy Krieger, Inc.",COMPLETED,59,ACTUAL,,,2014-07-17,2020-01-15,United States,False,No BCI named in the record,https://clinicaltrials.gov/study/NCT02234557,2023-11-13
NCT02074722,Brain-Computer Interface and Mind-Body Awareness Training,,University of Minnesota,COMPLETED,152,ACTUAL,,,2014-03,2017-06-28,United States,False,BCI without a brain implant described,https://clinicaltrials.gov/study/NCT02074722,2018-01-12
NCT03643770,Effect of a Novel Intervention Using Daily Intermittent Hypoxia and High Intensity Training on Upper Limb Function in Individuals With Spinal Cord Injury,,Shirley Ryan AbilityLab,COMPLETED,58,ACTUAL,,,2018-11-16,2023-06-28,United States,False,No BCI named in the record,https://clinicaltrials.gov/study/NCT03643770,2025-12-02
NCT07815457,Real-Time EEG Neurofeedback Using a Subject-Independent Classifier in Women With Depressive Symptoms,,Pontificia Universidad Catolica de Chile,COMPLETED,20,ACTUAL,,,2019-01-04,2023-01-23,Chile,False,Non-invasive ('electroencephalogra'),https://clinicaltrials.gov/study/NCT07815457,2026-09-11
NCT07197346,Repetitive Transcranial Magnetic Stimulation Primed Self-controlled Practice on Motor Learning,,National Taiwan University Hospital,ACTIVE_NOT_RECRUITING,72,ESTIMATED,,,2025-09-01,2027-07-31,Taiwan,False,No BCI named in the record,https://clinicaltrials.gov/study/NCT07197346,2026-09-21
NCT05041114,SWITCH II Early Feasibility Study: Implantable BCI to Control a Digital Device for People With Paralysis,synchron,"Synchron Medical, Inc.",WITHDRAWN,0,ACTUAL,,chronic,2022-04-21,2022-11-30,Australia,True,"Implanted BCI ('brain computer interface', 'Stentrode')",https://clinicaltrials.gov/study/NCT05041114,2023-03-21
NCT04315285,Optimal Verbal Instruction to Improve Walking for PD,,National Taiwan University Hospital,COMPLETED,35,ACTUAL,,,2020-05-18,2021-05-15,Taiwan,False,No BCI named in the record,https://clinicaltrials.gov/study/NCT04315285,2024-02-20
NCT07446114,Functional Outcomes and Control Using Synchron BCI - Canada,synchron,"Synchron, Inc.",RECRUITING,10,ESTIMATED,,chronic,2026-03-18,2026-12,Canada,True,"Implanted BCI ('Brain computer interface', 'Stentrode')",https://clinicaltrials.gov/study/NCT07446114,2026-04-17
NCT05907343,Closed-Loop Brain Stimulation as a Potential Intervention for Cognitive Decline,,University of Texas at Austin,RECRUITING,180,ESTIMATED,,,2023-05-31,2027-10-31,United States,False,Non-invasive ('non-invasive'),https://clinicaltrials.gov/study/NCT05907343,2026-09-02
NCT04453943,"Modeling, Optimization, and Control Methods for a Personalized Hybrid Walking Exoskeleton",,North Carolina State University,UNKNOWN,30,ESTIMATED,,,2020-07-01,2023-01-01,United States,False,No BCI named in the record,https://clinicaltrials.gov/study/NCT04453943,2020-07-01
NCT05738200,Nordic Hamstring Exercise After ACL Reconstruction Reconstruction,,University of Toledo,COMPLETED,23,ACTUAL,,,2018-07-07,2022-07-13,United States,False,No BCI named in the record,https://clinicaltrials.gov/study/NCT05738200,2023-02-21
NCT04947462,Proprioceptive Sensorimotor Integration With Neural Interfaces for Hand Prostheses,,VA Office of Research and Development,RECRUITING,8,ESTIMATED,,,2021-12-01,2030-05-31,United States,False,No BCI named in the record,https://clinicaltrials.gov/study/NCT04947462,2026-08-21
NCT02562196,tDCS for the Treatment of Migraine,,Universidade Federal de Pernambuco,UNKNOWN,14,ESTIMATED,,,2016-03,2016-08,Brazil,False,No BCI named in the record,https://clinicaltrials.gov/study/NCT02562196,2016-05-11
NCT06053320,Spatial-Motor Stroke-Rehab Study,,Emory University,RECRUITING,65,ESTIMATED,,,2023-04-11,2026-09,United States,False,No BCI named in the record,https://clinicaltrials.gov/study/NCT06053320,2026-05-20
NCT01852474,Effects of Transcranial Direct Current Stimulation (tDCS) and Motor Learning in Children With Cerebral Palsy (CP),,Spaulding Rehabilitation Hospital,COMPLETED,5,ACTUAL,,,2013-05,2016-05,United States,False,No BCI named in the record,https://clinicaltrials.gov/study/NCT01852474,2020-04-24
NCT06714643,Non-invasive Brain Stimulation in Subjects with Major Depressive Disorder,,Carmen Concerto,NOT_YET_RECRUITING,105,ESTIMATED,,,2025-01-02,2026-01-02,,False,No BCI named in the record,https://clinicaltrials.gov/study/NCT06714643,2024-12-03
NCT07106060,Near-Infrared Imaging of Motor Imagery Effects in Spinal Cord Injury,,Shengjing Hospital,RECRUITING,36,ESTIMATED,,,2025-01-01,2026-01-01,China,False,Non-invasive ('electroencephalogra'),https://clinicaltrials.gov/study/NCT07106060,2025-08-06
NCT04995367,BCI-Based Control for Ankle Exoskeleton T-FLEX: Comparison of Visual and Haptic Feedback With Stroke Survivors,,Corporación de Rehabilitación Club de Leones Cruz del Sur,COMPLETED,5,ACTUAL,,,2021-03-15,2021-05-12,Chile,False,BCI without a brain implant described,https://clinicaltrials.gov/study/NCT04995367,2021-08-06
NCT07374276,BCI With Virtual Reality for Stroke Rehabilitation: A Crossover Study,,Technical University of Lisbon,ACTIVE_NOT_RECRUITING,12,ESTIMATED,,,2026-01-05,2027-03,Portugal,False,Non-invasive ('EEG'),https://clinicaltrials.gov/study/NCT07374276,2026-09-21
NCT03567213,Investigation on the Cortical Communication (CortiCom) System,academic-other,Johns Hopkins University,RECRUITING,3,ESTIMATED,,chronic,2021-12-14,2028-12-31,United States,True,"Implanted BCI ('Brain Computer Interface', 'NeuroPort')",https://clinicaltrials.gov/study/NCT03567213,2026-08-21
NCT05035823,COMMAND Early Feasibility Study: Implantable BCI to Control a Digital Device for People With Paralysis,synchron,"Synchron Medical, Inc.",ACTIVE_NOT_RECRUITING,6,ACTUAL,,chronic,2022-04-27,2024-09-19,United States,True,"Implanted BCI ('brain computer interface', 'Implantable BCI')",https://clinicaltrials.gov/study/NCT05035823,2026-09-08
NCT00809224,Cortex Changes in Real/Imagined Movements in Amyotrophic Lateral Sclerosis (ALS),,University of Michigan,COMPLETED,92,ACTUAL,,,2008-05,2012-05,United States,False,Non-invasive ('fMRI'),https://clinicaltrials.gov/study/NCT00809224,2016-05-16
NCT07720882,"A Clinical Study of a Fully Implanted, Wireless and Functional BCI for Upper-Limb Functional Replacement in Tetraplegia Due to Spinal Cord Injury: Efficacy and Safety",academic-other,"NeuroXess Technology (shanghai) Co.,Ltd.",RECRUITING,32,ESTIMATED,,chronic,2026-07-07,2027-01-30,China,True,"Implanted BCI ('Brain-Computer Interface', 'Implanted, Wireless and Functional BCI')",https://clinicaltrials.gov/study/NCT07720882,2026-07-22
NCT02404857,BCI Post-stroke Neurorehabilitation,,"University Hospital, Montpellier",COMPLETED,20,ACTUAL,,,2015-01,2015-10,France,False,Non-invasive ('non-invasive'),https://clinicaltrials.gov/study/NCT02404857,2015-11-24
NCT06075056,Neuro-navigated TMS for Chronic SCI Patients,,King's College Hospital NHS Trust,UNKNOWN,20,ESTIMATED,,,2023-07-01,2024-02-01,United Kingdom,False,No BCI named in the record,https://clinicaltrials.gov/study/NCT06075056,2023-10-10
NCT07752602,Frequency-Dependent Effects of Transcranial Photobiomodulation With Same Peak Irradiance on Cortical Excitability and Fine Motor Performance,,Hospital de Clinicas de Porto Alegre,NOT_YET_RECRUITING,20,ESTIMATED,,,2027-01-01,2027-09-01,Brazil,False,No BCI named in the record,https://clinicaltrials.gov/study/NCT07752602,2026-08-07
NCT00658307,The Effects of Repetitive Transcranial Magnetic Stimulation in Healthy Human Subjects,,Centre for Addiction and Mental Health,COMPLETED,56,ACTUAL,,,2008-04,2014-05,Canada,False,No BCI named in the record,https://clinicaltrials.gov/study/NCT00658307,2014-05-02
NCT07003802,Neural Control and Mechanosensation in Spine Muscle,,"University of California, San Diego",ENROLLING_BY_INVITATION,152,ESTIMATED,,,2025-07-01,2029-05-01,United States,False,No BCI named in the record,https://clinicaltrials.gov/study/NCT07003802,2026-05-01
NCT01894802,Cortical Recording and Stimulating Array Brain-Machine Interface,academic-other,Michael Boninger,RECRUITING,30,ESTIMATED,,chronic,2013-12-01,2027-08,United States,True,"Implanted BCI ('Brain-Machine Interface', 'implanted in the motor cortex')",https://clinicaltrials.gov/study/NCT01894802,2026-05-20
NCT07715864,Naturally Produced Cannabinoids for Neuroprotection From Concussion,,University of Regina,RECRUITING,60,ESTIMATED,,,2026-06-01,2027-03,Canada,False,No BCI named in the record,https://clinicaltrials.gov/study/NCT07715864,2026-07-21
NCT03161067,Investigation on the Bidirectional Cortical Neuroprosthetic System,academic-other,Johns Hopkins University,RECRUITING,5,ESTIMATED,,chronic,2017-08-01,2028-12-31,United States,True,"Implanted BCI ('Brain Computer Interface', 'Intracortical Microstimulation')",https://clinicaltrials.gov/study/NCT03161067,2026-08-21
NCT06503484,fNIRS-BCI Neurofeedback in Stroke Rehabilitation,,The Hong Kong Polytechnic University,RECRUITING,44,ESTIMATED,,,2024-12-12,2025-09-30,Hong Kong,False,Non-invasive ('electroencephalogra'),https://clinicaltrials.gov/study/NCT06503484,2025-08-22
NCT06729658,Dopamine and Brain Computer Interface,,Max Planck Institute for Human Cognitive and Brain Sciences,COMPLETED,22,ACTUAL,,,2017-10-01,2023-02-27,Germany,False,BCI without a brain implant described,https://clinicaltrials.gov/study/NCT06729658,2025-05-31
NCT07214974,Mild Cognitive Impairment Community Screening and Early Intervention Via Stem Cell Therapy and Wearable Brain Computer Interface Device.,,"Noah Tech, Corp.",NOT_YET_RECRUITING,600,ESTIMATED,,,2026-09-01,2029-09-30,United States,False,Non-invasive ('non-invasive'),https://clinicaltrials.gov/study/NCT07214974,2026-03-10
NCT07270484,Rehabilitation Based on Hybrid Neuroprosthesis,,Villa Beretta Rehabilitation Center,COMPLETED,24,ACTUAL,,,2024-02-12,2024-05-24,Germany; Italy,False,No BCI named in the record,https://clinicaltrials.gov/study/NCT07270484,2025-12-22
NCT04895787,Benefits of Different Exercise Types to Enhance Walking for PD,,National Taiwan University Hospital,COMPLETED,70,ACTUAL,,,2021-12-07,2024-08-26,Taiwan,False,No BCI named in the record,https://clinicaltrials.gov/study/NCT04895787,2026-09-17
NCT07166198,Mitigating Neural Hypoexcitability and Weakness During Disuse in Women,,Kansas State University,RECRUITING,20,ESTIMATED,,,2026-05-01,2027-01-31,United States,False,No BCI named in the record,https://clinicaltrials.gov/study/NCT07166198,2026-06-10
NCT03032497,Brain-Computer Interface (BCI)-Based Feedback for Chronic Pain Management,,Tan Tock Seng Hospital,COMPLETED,25,ACTUAL,,,2017-06-05,2019-03-31,Singapore,False,Non-invasive ('non-invasive'),https://clinicaltrials.gov/study/NCT03032497,2019-09-13
NCT06532786,Neural Adaptations to Metronome-Paced Strength Training,,"Egas Moniz - Cooperativa de Ensino Superior, CRL",RECRUITING,60,ESTIMATED,,,2024-09-15,2026-08-30,Portugal,False,No BCI named in the record,https://clinicaltrials.gov/study/NCT06532786,2026-01-16
NCT03946488,Functional Impact of a Closed-loop Controlled Grasping Neuroprosthesis in Post-stroke Patients (PREHENSTROKE),,Centre Hospitalier Universitaire de Nīmes,COMPLETED,11,ACTUAL,,,2019-07-09,2021-01-06,France,False,No BCI named in the record,https://clinicaltrials.gov/study/NCT03946488,2025-12-04
NCT00004445,Study of an Implantable Functional Neuromuscular Stimulation System for Patients With Spinal Cord Injuries,,Case Western Reserve University,COMPLETED,18,ACTUAL,,,1996-09,2009-09,United States,False,No BCI named in the record,https://clinicaltrials.gov/study/NCT00004445,2025-05-20
NCT07217223,Spaced Transcranial Direct Current Stimulation for Treatment-Resistant Depression: A Home-Based Feasibility and Safety Study,,"University of California, San Diego",RECRUITING,10,ESTIMATED,,,2025-09-27,2026-10-07,United States,False,No BCI named in the record,https://clinicaltrials.gov/study/NCT07217223,2026-09-15
NCT06829212,Research on Wireless Brain Implant System for General Control of External Devices,stairmed,"Shanghai StairMed Technology Co., Ltd.",RECRUITING,4,ESTIMATED,,chronic,2025-03,2027-02,China,True,"Implanted BCI ('brain-machine interface', 'Brain Implant')",https://clinicaltrials.gov/study/NCT06829212,2025-03-13
NCT05642299,Multimodal EEG and NIRS-based BCI With Assistive Soft Robotics for Stroke (MBCI-SR),,Tan Tock Seng Hospital,UNKNOWN,10,ESTIMATED,,,2022-12-01,2023-09-14,Singapore,False,Non-invasive ('non-invasive'),https://clinicaltrials.gov/study/NCT05642299,2022-12-08
NCT07792811,Non-Invasive Deep Brain Stimulation for Upper Limb Recovery After Stroke (NIMBUS),,Friedhelm Hummel,NOT_YET_RECRUITING,84,ESTIMATED,,,2026-09-13,2029-12,Switzerland,False,No BCI named in the record,https://clinicaltrials.gov/study/NCT07792811,2026-08-28
NCT02323074,Brain Training System Using Electroencephalography (EEG) for Neurorehabilitation of Hand Function After Stroke,,Chinese University of Hong Kong,UNKNOWN,45,ESTIMATED,,,2014-01,2017-12,Hong Kong,False,Non-invasive ('Electroencephalogra'),https://clinicaltrials.gov/study/NCT02323074,2016-07-06
NCT04655235,Translational Investigation of the Glutamatergic and GABAergic System in Schizophrenia,,RWTH Aachen University,RECRUITING,600,ESTIMATED,,,2021-10-01,2028-12,Germany,False,No BCI named in the record,https://clinicaltrials.gov/study/NCT04655235,2025-03-14
NCT03653585,Cortical Lesions in Patients With Multiple Sclerosis,,Danish Research Centre for Magnetic Resonance,COMPLETED,80,ACTUAL,,,2018-09-04,2020-09-03,Denmark,False,No BCI named in the record,https://clinicaltrials.gov/study/NCT03653585,2021-04-08
NCT05272202,Investigation of Cerebral Motor Activity Modulations Following Median Nerve Stimulation During General Anaesthesia,,Brugmann University Hospital,RECRUITING,30,ESTIMATED,,,2023-01-15,2026-12-31,Belgium,False,Non-invasive ('EEG'),https://clinicaltrials.gov/study/NCT05272202,2023-02-16
NCT04843137,Acute Mechanisms of Cervical Transcutaneous Electrical Stimulation of the Spinal Cord,,University of Louisville,WITHDRAWN,0,ACTUAL,,,2021-04-06,2022-02-22,United States,False,No BCI named in the record,https://clinicaltrials.gov/study/NCT04843137,2023-10-30
NCT01560039,Electroencephalography Based Neurofeedback in Chronic Neuropathic Pain,,Tel-Aviv Sourasky Medical Center,UNKNOWN,50,ESTIMATED,,,2012-04,2013-04,Israel,False,Non-invasive ('noninvasive'),https://clinicaltrials.gov/study/NCT01560039,2012-03-21
NCT06990412,A Clinical Trial to Evaluate the Safety and Efficacy of an Implantable Wireless Brain-Computer Interface（BCI）System NEO in Patients With Tetraplegia,neuracle,"Neuracle Medical Technology(Shanghai) Co.,Ltd.",COMPLETED,32,ACTUAL,,chronic,2025-05-28,2025-11-06,China,True,"Implanted BCI ('Brain-Computer Interface', 'Minimally Invasive Wireless Implantable Brain')",https://clinicaltrials.gov/study/NCT06990412,2026-08-25
NCT04279067,BCI-FES Therapy for Stroke Rehabilitation,,"University of California, Irvine",COMPLETED,62,ACTUAL,,,2020-05-15,2024-09-05,United States,False,BCI without a brain implant described,https://clinicaltrials.gov/study/NCT04279067,2026-02-10
NCT07707284,Frequency-Dependent Effects of Transcranial Photobiomodulation on Cortical Excitability,,Hospital de Clinicas de Porto Alegre,NOT_YET_RECRUITING,20,ESTIMATED,,,2027-05,2028-05,Brazil,False,No BCI named in the record,https://clinicaltrials.gov/study/NCT07707284,2026-07-28
NCT02267798,Repetitive Arm Training + FES on Upper Extremity Motor Recovery in Sub-acute Stroke Survivors,,University Hospital of Ferrara,COMPLETED,64,ACTUAL,,,2013-09,2016-11,Italy,False,No BCI named in the record,https://clinicaltrials.gov/study/NCT02267798,2017-02-03
NCT07642804,Virtual Reality Assessment of Control Interfaces for the Use a Neuroprosthesis in Individuals With Tetraplegia,,Centre Bouffard Vercelli - USSAP,COMPLETED,10,ACTUAL,,,2026-04-10,2026-05-07,France,False,No BCI named in the record,https://clinicaltrials.gov/study/NCT07642804,2026-06-11
NCT02431702,A Study to Compare Disease Progression and Modification Following Treatment With Paliperidone Palmitate Long-Acting Injection or Oral Antipsychotics in Participant's With Recent-onset Schizophrenia or Schizophreniform,,"Janssen Scientific Affairs, LLC",COMPLETED,337,ACTUAL,,,2015-07-08,2019-11-12,Brazil; Mexico; United States,False,No BCI named in the record,https://clinicaltrials.gov/study/NCT02431702,2025-04-29
NCT04576650,Brain-Computer Interface Implant for Severe Communication Disability,academic-other,Johns Hopkins University,WITHDRAWN,0,ACTUAL,,chronic,2022-10,2023-10,United States,True,"Implanted BCI ('Brain-Computer Interface', 'electrocorticographic')",https://clinicaltrials.gov/study/NCT04576650,2022-11-07
NCT07438808,Influence of Physical Exercise on Neuroplasticity and Sensorimotor Networks in Older Adults,,Universite du Littoral Cote d'Opale,RECRUITING,66,ESTIMATED,,,2026-02-04,2026-07,France,False,No BCI named in the record,https://clinicaltrials.gov/study/NCT07438808,2026-02-27
NCT01894815,"Escitalopram, Placebo and tDCS in Depression: a Non-inferiority Trial",,University of Sao Paulo,COMPLETED,245,ACTUAL,,,2013-10,2016-07,Brazil,False,No BCI named in the record,https://clinicaltrials.gov/study/NCT01894815,2016-12-05
NCT07058506,Control Interfaces for Operating Assistive Devices,,Centre Bouffard Vercelli - USSAP,RECRUITING,30,ESTIMATED,,,2024-11-18,2024-11-18,France,False,No BCI named in the record,https://clinicaltrials.gov/study/NCT07058506,2025-07-10
NCT06898138,Acute Stimulation and Modulation of Stereotyped High-Frequency Oscillations,,Mayo Clinic,NOT_YET_RECRUITING,8,ESTIMATED,,,2026-11-01,2029-02-15,United States,False,"Stimulation therapy for Epilep, not a BCI for communication or movement",https://clinicaltrials.gov/study/NCT06898138,2026-08-11
NCT05355883,"Remote Ischemic Conditioning, Bimanual Skill Learning, and Corticospinal Excitability",,East Carolina University,COMPLETED,51,ACTUAL,,,2021-12-18,2024-12-31,United States,False,No BCI named in the record,https://clinicaltrials.gov/study/NCT05355883,2025-07-16
NCT06730841,Dose-Optimized and Spaced Transcranial Direct Current Stimulation for Treatment-Resistant Depression,,"University of California, San Diego",COMPLETED,3,ACTUAL,,,2024-09-26,2025-08-01,United States,False,No BCI named in the record,https://clinicaltrials.gov/study/NCT06730841,2025-11-20
NCT05942651,Impulsivity With Borderline Personality Disorder/tMS,,Hôpital le Vinatier,RECRUITING,40,ESTIMATED,,,2024-01-08,2026-09-20,France,False,No BCI named in the record,https://clinicaltrials.gov/study/NCT05942651,2024-03-07
NCT06690931,Neurofeedback Rehabilitation With FES and VR for PD,,g.tec medical engineering GmbH,COMPLETED,30,ACTUAL,,,2024-12-09,2026-06-25,Austria,False,Non-invasive ('electroencephalogra'),https://clinicaltrials.gov/study/NCT06690931,2026-09-03
NCT07325370,Cardiac Autonomic and Anxiety Regulation Via Closed-loop nEurofeedback in Recurrent Pregnancy Loss,,Shenyang Medical College,RECRUITING,62,ESTIMATED,,,2025-12-29,2026-10-30,China,False,Non-invasive ('fNIRS'),https://clinicaltrials.gov/study/NCT07325370,2026-04-24
NCT02225106,Dopamine Receptor Imaging to Predict Response to Stimulant Therapy in Chronic TBI,,University of Pennsylvania,COMPLETED,11,ACTUAL,,,2014-08-06,2017-06-21,United States,False,No BCI named in the record,https://clinicaltrials.gov/study/NCT02225106,2019-11-15
NCT04612426,the Effectiveness of Brain-computer Interface-pedaling Training System on the Rehabilitation of Stroke,,First Affiliated Hospital Xi'an Jiaotong University,COMPLETED,30,ACTUAL,,,2020-11-01,2021-02-10,China,False,Non-invasive ('EEG'),https://clinicaltrials.gov/study/NCT04612426,2021-04-15
NCT05256160,Cortical Excitability in Cyclic Vomiting Syndrome,,University of Pittsburgh,RECRUITING,110,ESTIMATED,,,2022-05-16,2027-06,United States,False,No BCI named in the record,https://clinicaltrials.gov/study/NCT05256160,2026-08-14
NCT04876170,Reward Circuit Modulation Via fMRI-informed-EEG-based Musical Neurofeedback,,Tel-Aviv Sourasky Medical Center,UNKNOWN,40,ESTIMATED,,,2020-07-10,2021-09-10,Israel,False,Non-invasive ('non-invasive'),https://clinicaltrials.gov/study/NCT04876170,2021-05-06
NCT06223724,Status Telemetry for Cochlear Implantations,,"Insel Gruppe AG, University Hospital Bern",UNKNOWN,20,ESTIMATED,,,2023-10-25,2024-09-01,Switzerland,False,"Sensory prosthesis, out of v1 scope ('Cochlear')",https://clinicaltrials.gov/study/NCT06223724,2024-01-29
NCT05936619,"MindEx: A Novel, Multifocal, Cognitive Brain-Machine Interface System",academic-other,Nader Pouratian,RECRUITING,2,ESTIMATED,,chronic,2026-02-20,2030-05-30,United States,True,"Implanted BCI ('Brain-Machine Interface', 'NeuroPort')",https://clinicaltrials.gov/study/NCT05936619,2026-10-01
NCT02909309,Pilot Study : New Sensors to Monitor Apnea During Sedation,,Erasme University Hospital,COMPLETED,21,ACTUAL,,,2017-03-01,2017-07-31,Belgium,False,No BCI named in the record,https://clinicaltrials.gov/study/NCT02909309,2018-08-23
NCT02787200,Identification of Time-invariant EEG Signals for Brain-Computer Interface,,National Taiwan University Hospital,UNKNOWN,50,ESTIMATED,,,2016-05,2017-05,Taiwan,False,Non-invasive ('electroencephalogra'),https://clinicaltrials.gov/study/NCT02787200,2016-06-08
NCT04977622,Gray Matter Demyelination in Primary Progressive MS at 7T,,Danish Research Centre for Magnetic Resonance,UNKNOWN,60,ESTIMATED,,,2021-11-30,2024-06,Denmark,False,No BCI named in the record,https://clinicaltrials.gov/study/NCT04977622,2024-01-29
NCT04124172,Efficacy and Safety of rTMS Plus Rehabilitation for the Improvement of the Upper Extremity in Stroke (ERES),,Institut Guttmann,UNKNOWN,24,ESTIMATED,,,2019-10-15,2020-12-15,,False,No BCI named in the record,https://clinicaltrials.gov/study/NCT04124172,2019-10-11
NCT06006130,Neurophysiology of Fibromyalgia,,McMaster University,COMPLETED,36,ACTUAL,,,2024-02-01,2025-12-31,Canada,False,No BCI named in the record,https://clinicaltrials.gov/study/NCT06006130,2026-06-04
NCT07640711,Innovative Brain-Computer Interface for People With Spinal Cord Injury,academic-other,UMC Utrecht,RECRUITING,1,ESTIMATED,,chronic,2026-08,2027-08,Netherlands,True,"Implanted BCI ('Brain-Computer Interface', 'electrocorticography')",https://clinicaltrials.gov/study/NCT07640711,2026-06-11
NCT03443700,Randomized Controlled Trial on Robotic Exoskeleton in Spinal Cord Injury: Clinical Outcomes and Cortical Plasticity,,Azienda Usl di Bologna,UNKNOWN,50,ESTIMATED,,,2020-12-10,2022-11,Italy,False,No BCI named in the record,https://clinicaltrials.gov/study/NCT03443700,2021-12-16
NCT00730548,Compare Remote Patient Management and Standard Care in CRT-D and ICD-patients to Assess the Effect on Heart Failure,,Medtronic Cardiac Rhythm and Heart Failure,COMPLETED,180,ACTUAL,,,2007-11,2011-04,Germany,False,No device or procedure intervention; the study does not implant anyone,https://clinicaltrials.gov/study/NCT00730548,2025-07-03
NCT05306015,Application of Mindfulness Meditation Based on Brain Computer Interface in Radiofrequency Ablation,,The First Affiliated Hospital with Nanjing Medical University,COMPLETED,80,ACTUAL,,,2022-04-01,2022-09-30,China,False,Non-invasive ('electroencephalogra'),https://clinicaltrials.gov/study/NCT05306015,2024-02-28
NCT06965127,Implant for Walking After Incomplete SCI,,Louis Stokes VA Medical Center,RECRUITING,5,ESTIMATED,,,2025-08-27,2028-08,United States,False,No BCI named in the record,https://clinicaltrials.gov/study/NCT06965127,2025-11-26
NCT03034902,Detection of Area of Ischemia in Patients With Subacute Stroke Via a Hybrid EEG-fNIRS Brain-computer Interface,,"The University of Texas Health Science Center, Houston",TERMINATED,5,ACTUAL,,,2017-02-09,2017-06-20,United States,False,Non-invasive ('electroencephalogra'),https://clinicaltrials.gov/study/NCT03034902,2022-04-27
NCT07212608,Personalized Post-Stroke Gait Rehabilitation Interventions,,Boston University Charles River Campus,COMPLETED,22,ACTUAL,,,2022-09-13,2025-04-24,United States,False,No BCI named in the record,https://clinicaltrials.gov/study/NCT07212608,2025-10-08
NCT02224469,First Study With a Brain Implant to Help Locked-in Patients Communicate at Home,academic-other,UMC Utrecht,COMPLETED,6,ACTUAL,,chronic,2015-09-09,2024-02-14,Netherlands,True,"Implanted BCI ('Brain-Computer Interface', 'electrocorticography')",https://clinicaltrials.gov/study/NCT02224469,2025-12-03
NCT05625113,Wearable Grasping Neuroprosthesis Used at Home in Subjects With Post-stroke Hemiparesis,,"University Hospital, Toulouse",COMPLETED,6,ACTUAL,,,2023-01-17,2023-07-23,France,False,No BCI named in the record,https://clinicaltrials.gov/study/NCT05625113,2026-06-01
NCT05086380,Modulation of Sense of Agency With Non-invasive Brain Stimulation and Mindfulness-based Stress Reduction Therapy,,University of Fribourg,COMPLETED,190,ACTUAL,,,2021-12-10,2024-12-16,Switzerland,False,No BCI named in the record,https://clinicaltrials.gov/study/NCT05086380,2025-03-04
NCT05177146,Neural Correlates of Ketamine's Anti-suicidal Effects in Bipolar Depression,,Centre for Addiction and Mental Health,COMPLETED,16,ACTUAL,,,2022-05-04,2025-01-10,Canada,False,No BCI named in the record,https://clinicaltrials.gov/study/NCT05177146,2025-02-06
NCT01852279,BCI and FES for Hand Therapy in Spinal Cord Injury,,NHS Greater Glasgow and Clyde,COMPLETED,15,ACTUAL,,,2013-05-08,2018-12-31,United Kingdom,False,Non-invasive ('electroencephalogra'),https://clinicaltrials.gov/study/NCT01852279,2020-12-19
NCT02562222,Optimized tDCS for the Treatment of Migraine,,Universidade Federal de Pernambuco,UNKNOWN,14,ESTIMATED,,,2016-05,2016-08,Brazil,False,No BCI named in the record,https://clinicaltrials.gov/study/NCT02562222,2016-05-11
NCT03654911,Sustainable Method for Alzheimer's Prediction,,Catholic University of the Sacred Heart,COMPLETED,150,ACTUAL,,,2018-04-11,2019-06-28,Italy,False,No BCI named in the record,https://clinicaltrials.gov/study/NCT03654911,2020-07-22
NCT01718730,Cortical Excitability and Inhibition in MDD,,Mayo Clinic,COMPLETED,23,ACTUAL,,,2012-10,2019-08,United States,False,No BCI named in the record,https://clinicaltrials.gov/study/NCT01718730,2019-10-22
NCT06694402,The Effects of Focal Muscle Vibration Combined With Exercise on Sensorimotor Activity in Individuals With Chronic Subacromial Impingement Syndrome,,National Yang Ming Chiao Tung University,COMPLETED,28,ACTUAL,,,2025-01-08,2025-12-30,Taiwan,False,No BCI named in the record,https://clinicaltrials.gov/study/NCT06694402,2026-06-29
NCT06464172,Association Between Serum and Neuroimaging Measurements of the GABAergic System,,Francois Corbin,NOT_YET_RECRUITING,30,ESTIMATED,,,2025-05-05,2026-05-01,,False,No BCI named in the record,https://clinicaltrials.gov/study/NCT06464172,2025-02-17
NCT00080600,Brain Physiology in Polio Survivors,,National Institute of Neurological Disorders and Stroke (NINDS),COMPLETED,90,,,,2004-04-06,,United States,False,No BCI named in the record,https://clinicaltrials.gov/study/NCT00080600,2017-07-02
NCT06852209,Training Cognition With Neurofeedback After Stroke,,"University Hospital, Bordeaux",RECRUITING,20,ESTIMATED,,,2025-02-28,2026-10-28,France,False,Non-invasive ('fMRI'),https://clinicaltrials.gov/study/NCT06852209,2025-04-02
NCT06206031,Intraosseous Doppler Ultrasonography to Study Skeletal Physiology: Exploratory Study Before Use in Space Physiology,,"University Hospital, Angers",COMPLETED,30,ACTUAL,,,2024-03-04,2024-10-17,France,False,No BCI named in the record,https://clinicaltrials.gov/study/NCT06206031,2026-03-09
NCT05652153,Inhibitory Mechanisms of Negative Urgency in Adolescent Suicidal Behavior,,University of Minnesota,RECRUITING,80,ESTIMATED,,,2024-05-25,2028-01,United States,False,No BCI named in the record,https://clinicaltrials.gov/study/NCT05652153,2026-06-23
NCT07834762,Home-Based Randomized Trial of Spaced Transcranial Direct Current Stimulation for Treatment-Resistant Depression,,"University of California, San Diego",NOT_YET_RECRUITING,74,ESTIMATED,,,2026-10-15,2031-10-15,United States,False,No BCI named in the record,https://clinicaltrials.gov/study/NCT07834762,2026-09-22
NCT01817179,Functional Electrical Stimulation for Hemiplegic Cerebral Palsy,,"Children's Hospital Medical Center, Cincinnati",COMPLETED,12,ACTUAL,,,2013-03,2014-12,United States,False,No BCI named in the record,https://clinicaltrials.gov/study/NCT01817179,2015-01-28
NCT06117332,AI-Powered Artificial Vision for Visual Prostheses,,"University of California, Santa Barbara",ENROLLING_BY_INVITATION,7,ESTIMATED,,,2023-10-02,2027-08-31,Spain; United States,False,"Vision prosthesis, out of v1 scope ('retina')",https://clinicaltrials.gov/study/NCT06117332,2026-08-20
NCT06389721,Understanding and Preventing Cortical Mechanisms of Chemotherapy-induced Peripheral Neuropathy,,M.D. Anderson Cancer Center,RECRUITING,45,ESTIMATED,,,2024-07-16,2027-01-31,United States,False,Non-invasive ('Electroencephalogra'),https://clinicaltrials.gov/study/NCT06389721,2026-05-19
NCT04675047,Multimodal Brain Decoding of Pain Sensitivity,,National Yang Ming Chiao Tung University,UNKNOWN,100,ESTIMATED,,,2019-09-10,2020-11-20,Taiwan,False,Non-invasive ('electroencephalogra'),https://clinicaltrials.gov/study/NCT04675047,2022-10-13
NCT05351255,Motor Learning After Cerebellar Damage: The Role of the Primary Motor Cortex,,Albert Einstein Healthcare Network,ACTIVE_NOT_RECRUITING,17,ACTUAL,,,2022-07-01,2026-12-19,United States,False,No BCI named in the record,https://clinicaltrials.gov/study/NCT05351255,2025-09-15
NCT02507895,Effect of Brain-Computer Interfaced-Assisted Motor Imagery for Gait Retraining in Stroke Patients,,"National University Hospital, Singapore",COMPLETED,26,ACTUAL,,,2013-10,2017-11,Singapore,False,Non-invasive ('EEG'),https://clinicaltrials.gov/study/NCT02507895,2018-05-17
NCT07710677,Investigating the Neurophysiology of the Motor System and the Feasibility of Vagus Nerve Stimulation in Functional Neurological Disorder (FND),,University of Fribourg,NOT_YET_RECRUITING,68,ESTIMATED,,,2026-07-01,2028-07-01,Switzerland,False,No BCI named in the record,https://clinicaltrials.gov/study/NCT07710677,2026-07-17
NCT07171073,Smart Technologies in Early Post-Stroke Rehabilitation,,Erika Endzelyte,NOT_YET_RECRUITING,200,ESTIMATED,,,2025-09-15,2028-08-31,Lithuania,False,Non-invasive ('EEG'),https://clinicaltrials.gov/study/NCT07171073,2025-09-12
NCT03508037,Therapy to Improve Reaching Movement in Upper Limb,,Cajal Institute of the Spanish National Research Council,UNKNOWN,16,ESTIMATED,,,2018-03-12,2019-02-16,Spain,False,Non-invasive ('electroencephalogra'),https://clinicaltrials.gov/study/NCT03508037,2018-09-21
NCT07500922,Menopause Effects on Cortico-reticular Functioning,,University of Jyvaskyla,RECRUITING,20,ESTIMATED,,,2026-04-25,2027-12-31,Finland,False,No BCI named in the record,https://clinicaltrials.gov/study/NCT07500922,2026-05-01
NCT05689606,"Cortical Excitability, Cognitive Functions, and Peripheral Signaling Molecules",,Ankara City Hospital Bilkent,COMPLETED,23,ACTUAL,,,2022-10-07,2023-02-01,Turkey (Türkiye),False,No BCI named in the record,https://clinicaltrials.gov/study/NCT05689606,2024-08-05
NCT07543185,Right Dorsolateral Prefrontal Cortex Closed-loop Neurofeedback for Anxiety in High-ischaemic-risk Chronic Coronary Syndrome,,Shenyang Medical College,NOT_YET_RECRUITING,214,ESTIMATED,,,2026-04-19,2027-06-20,China,False,Non-invasive ('fNIRS'),https://clinicaltrials.gov/study/NCT07543185,2026-04-21
NCT06088914,Behavioral and Neural Correlates of Post-Stroke Fatigue,,Texas Woman's University,ACTIVE_NOT_RECRUITING,32,ESTIMATED,,,2023-12-15,2026-08-31,United States,False,No BCI named in the record,https://clinicaltrials.gov/study/NCT06088914,2026-08-07
NCT06207591,Investigation on the Cortical Communication System,academic-other,UMC Utrecht,RECRUITING,2,ESTIMATED,,chronic,2023-12-15,2028-09,Netherlands,True,"Implanted BCI ('Brain-Computer interface', 'electrocorticography')",https://clinicaltrials.gov/study/NCT06207591,2025-10-03
NCT07635017,Assessing the Effects of Hormones on Noninvasive Transcranial Stimulation,,Carnegie Mellon University,NOT_YET_RECRUITING,25,ESTIMATED,,,2026-07-01,2028-05-01,United States,False,No BCI named in the record,https://clinicaltrials.gov/study/NCT07635017,2026-06-09
NCT02639533,Brain Response to Single Dose of Pregabalin in Fibromyalgia,,Hospital de Clinicas de Porto Alegre,COMPLETED,27,ACTUAL,,,2014-12,2017-01,,False,No BCI named in the record,https://clinicaltrials.gov/study/NCT02639533,2018-02-08
NCT01823159,Cortical Excitability Changes Induced by Retigabine: a Transcranial Magnetic Stimulation Study,,University Hospital of Mont-Godinne,COMPLETED,15,ACTUAL,,,2013-04,2013-12,Belgium,False,No BCI named in the record,https://clinicaltrials.gov/study/NCT01823159,2014-12-02
NCT03368443,Multiple Practice Contexts to Reduce Context-dependent Learning in PD,,National Taiwan University Hospital,COMPLETED,58,ACTUAL,,,2017-12-25,2020-07-31,Taiwan,False,No BCI named in the record,https://clinicaltrials.gov/study/NCT03368443,2021-03-16
NCT05326750,Non-invasive Neurostimulation as a Tool for Diagnostics and Management for Neurodegenerative Diseases,,Kuopio University Hospital,RECRUITING,200,ESTIMATED,,,2022-11-21,2032-07,Finland,False,No BCI named in the record,https://clinicaltrials.gov/study/NCT05326750,2026-10-02
NCT05937984,Treatment for Painful Diabetic Neuropathy,,McMaster University,COMPLETED,20,ACTUAL,,,2023-10-01,2025-08-01,Canada,False,No BCI named in the record,https://clinicaltrials.gov/study/NCT05937984,2026-06-04
NCT04026581,Real World Testing of a Brain-Computer Interface,,University of Pittsburgh,COMPLETED,19,ACTUAL,,,2019-06-05,2023-09-30,United States,False,BCI without a brain implant described,https://clinicaltrials.gov/study/NCT04026581,2023-12-06
NCT06753006,Research on the Effectiveness of Neurorehabilitation After Stroke,,Neurotechnika,RECRUITING,44,ESTIMATED,,,2024-08-27,2025-07,Russia,False,Non-invasive ('non-invasive'),https://clinicaltrials.gov/study/NCT06753006,2025-01-01
NCT05327387,Model-based Electrical Brain Stimulation,,University of Southern California,RECRUITING,25,ESTIMATED,,,2022-02-08,2026-03-31,United States,False,"Stimulation therapy for epilep, not a BCI for communication or movement",https://clinicaltrials.gov/study/NCT05327387,2025-09-22
NCT04837417,"Deficit in Quadriceps Voluntary Activation After Anterior Cruciate Ligament Reconstruction: Roles of the ""Learned Non-use"" Paradigm and the Interhemispheric Inhibition",,Istituto Auxologico Italiano,COMPLETED,10,ACTUAL,,,2021-07-14,2024-12-31,Italy,False,No BCI named in the record,https://clinicaltrials.gov/study/NCT04837417,2025-11-18
NCT02443558,Brainwave Control of a Wearable Robotic Arm for Rehabilitation and Neurophysiological Study in Cervical Spine Injury,,Aristotle University Of Thessaloniki,COMPLETED,20,ACTUAL,,,2016-12-15,2018-12-31,Greece,False,Non-invasive ('Electroencephalogra'),https://clinicaltrials.gov/study/NCT02443558,2020-02-17
NCT01382017,Effects of Lacosamide on Human Motor Cortex Excitability: a Transcranial Magnetic Stimulation Study,,University of Kiel,COMPLETED,18,ACTUAL,,,2011-06,2012-08,Germany,False,No BCI named in the record,https://clinicaltrials.gov/study/NCT01382017,2012-08-29
NCT06429735,Precise Robotically IMplanted Brain-Computer InterfacE,neuralink,Neuralink Corp,RECRUITING,15,ESTIMATED,,chronic,2024-01-09,2026-06,United States,True,"Implanted BCI ('Brain-Computer InterfacE', 'Neuralink')",https://clinicaltrials.gov/study/NCT06429735,2026-01-09
NCT05951556,Telehealth Implementation of Brain-Computer Interface,,Shirley Ryan AbilityLab,UNKNOWN,7,ESTIMATED,,,2021-09-30,2024-07-05,United States,False,Non-invasive ('Electroencephalogra'),https://clinicaltrials.gov/study/NCT05951556,2023-07-19
NCT07596030,Self-applied taVNS for CIPN,,University of Miami,RECRUITING,36,ESTIMATED,,,2026-06-02,2027-06,United States,False,No BCI named in the record,https://clinicaltrials.gov/study/NCT07596030,2026-06-26
NCT02567201,Electrophysiological Evaluation of Voluntary Attention,,Hospices Civils de Lyon,COMPLETED,214,ACTUAL,,,2015-10-16,2024-10-15,France,False,Non-invasive ('Electroencephalogra'),https://clinicaltrials.gov/study/NCT02567201,2024-12-24
NCT05188105,Alpha tACS in Dementia With Lewy Bodies,,Azienda Socio Sanitaria Territoriale degli Spedali Civili di Brescia,COMPLETED,15,ACTUAL,,,2021-10-18,2024-03-10,Italy,False,No BCI named in the record,https://clinicaltrials.gov/study/NCT05188105,2024-03-28
NCT07472556,Using Motor Imagery-based Brain-computer Interface With Multiple Sclerosis Patients.,,Pasquale Arpaia,NOT_YET_RECRUITING,40,ESTIMATED,,,2026-07-01,2026-09-30,Italy,False,Non-invasive ('EEG'),https://clinicaltrials.gov/study/NCT07472556,2026-03-16
NCT07441122,Enhancing Attention in Elderly Using a Brain-Computer-Interface,,University of Texas at Austin,RECRUITING,100,ESTIMATED,,,2026-07-01,2028-02-01,United States,False,Non-invasive ('non-invasive'),https://clinicaltrials.gov/study/NCT07441122,2026-07-27
NCT07768930,BCI-Guided Tibialis Anterior FES for Gait Training in Spinal Cord Injury,,Santos Dumont Institute,ACTIVE_NOT_RECRUITING,10,ESTIMATED,,,2024-11-01,2025-11-30,Brazil,False,Non-invasive ('EEG'),https://clinicaltrials.gov/study/NCT07768930,2026-08-17
NCT01685463,Transcranial Magnetic Stimulation Used to Both Measure Cortical Excitability and Explore Methamphetamine Cue Craving,,Medical University of South Carolina,COMPLETED,18,ACTUAL,,,2008-09,2014-09,United States,False,No BCI named in the record,https://clinicaltrials.gov/study/NCT01685463,2020-04-01
NCT05983211,Quantitative and Repetitive TMS in ALS - Recruiting for Stage 2,,Sunnybrook Health Sciences Centre,RECRUITING,15,ESTIMATED,,,2024-05-01,2026-04-15,Canada,False,No BCI named in the record,https://clinicaltrials.gov/study/NCT05983211,2024-09-19
NCT07642882,Analgesic Efficacy of Multisite rTMS in Fibromyalgia Patients,,Hospital Ambroise Paré Paris,RECRUITING,36,ESTIMATED,,,2026-09,2028-11,France,False,No BCI named in the record,https://clinicaltrials.gov/study/NCT07642882,2026-06-11
NCT06829303,BCI Training for Social Cognition and Error Monitoring in ASD,,University of Coimbra,RECRUITING,28,ESTIMATED,,,2025-03-01,2026-09,Portugal,False,Non-invasive ('Electroencephalogra'),https://clinicaltrials.gov/study/NCT06829303,2025-08-01
NCT06533969,Assessment of Neural Signals for the Control of Assistive Devices,academic-other,University of Miami,RECRUITING,3,ESTIMATED,,chronic,2024-09-06,2027-12-31,United States,True,"Implanted BCI ('brain-computer interface', 'Electrocorticographic')",https://clinicaltrials.gov/study/NCT06533969,2026-08-26
NCT05183152,Non-invasive BCI-controlled Assistive Devices,,University of Texas at Austin,RECRUITING,100,ESTIMATED,,,2021-06-16,2028-12-30,United States,False,Non-invasive ('Non-invasive'),https://clinicaltrials.gov/study/NCT05183152,2026-05-01
NCT04141774,Stroke Rehabilitation Using Brain-Computer Interface (BCI) Technology,,"University of Wisconsin, Madison",COMPLETED,84,ACTUAL,,,2018-09-27,2024-12-31,United States,False,Non-invasive ('electroencephalogra'),https://clinicaltrials.gov/study/NCT04141774,2025-11-04
NCT03992690,"Training With Brain-machine Interfaces, Visuo-tactile Feedback and Assisted Locomotion for Patients With Chronic Complete Paraplegia",,"Xuanwu Hospital, Beijing",UNKNOWN,40,ESTIMATED,,,2019-08-01,2020-03-31,China,False,BCI without a brain implant described,https://clinicaltrials.gov/study/NCT03992690,2019-08-02
NCT05137938,Intranasal Ketamine in Ultra-REsistant Depression (SURE-ECT Non Responders),,Centre for Addiction and Mental Health,COMPLETED,25,ACTUAL,,,2021-10-25,2023-07-24,Canada,False,No BCI named in the record,https://clinicaltrials.gov/study/NCT05137938,2023-08-14
NCT01518426,Evaluation of Evoked Potentials Recording Modalities in Healthy Volunteer Population,,Centre d'Investigation Clinique et Technologique 805,COMPLETED,10,ACTUAL,,,2012-06,2012-07,France,False,Non-invasive ('EEG'),https://clinicaltrials.gov/study/NCT01518426,2014-05-06
NCT02069938,Brain Computer Interface Control of a Robotic Device,,University of Minnesota,COMPLETED,23,ACTUAL,,,2014-03,2016-03-13,United States,False,Non-invasive ('Noninvasive'),https://clinicaltrials.gov/study/NCT02069938,2018-01-18
NCT06950060,AMPLIFI: Adaptive Modulation of Plasticity Through Lactate and Fitness Interventions,,University of Alabama at Birmingham,ACTIVE_NOT_RECRUITING,48,ESTIMATED,,,2026-07-15,2029-09-01,United States,False,No BCI named in the record,https://clinicaltrials.gov/study/NCT06950060,2026-07-17
NCT02223910,Neurofeedback Training of Alpha-band Coherence After Stroke,,"University Hospital, Geneva",COMPLETED,13,ACTUAL,,,2014-02,2016-06,Switzerland,False,Non-invasive ('EEG'),https://clinicaltrials.gov/study/NCT02223910,2016-10-31
NCT07738978,Understanding and Enhancing Human Health and Movement,,Louis Stokes VA Medical Center,RECRUITING,75,ESTIMATED,,,2021-03-21,2031-03-21,United States,False,No BCI named in the record,https://clinicaltrials.gov/study/NCT07738978,2026-07-31
NCT07006415,Brain-computer Interface Rehabilitation And Virtual Environments in Functional Neurological Disorder (BRAVE-FND),,King's College London,NOT_YET_RECRUITING,24,ESTIMATED,,,2025-10-01,2028-01-31,,False,BCI without a brain implant described,https://clinicaltrials.gov/study/NCT07006415,2025-06-05
NCT04188132,EEG Based BCI for Upper Limb Rehabilitation in Stroke,,University of Houston,UNKNOWN,10,ESTIMATED,,,2019-11-05,2020-01-31,United States,False,Non-invasive ('Noninvasive'),https://clinicaltrials.gov/study/NCT04188132,2019-12-05
NCT05000177,Alterations in Central Control of Shoulder Muscles in Office Workers With Non-specific Chronic Neck Pain,,National Yang Ming Chiao Tung University,COMPLETED,51,ACTUAL,,,2021-12-21,2022-05-13,Taiwan,False,No BCI named in the record,https://clinicaltrials.gov/study/NCT05000177,2022-09-21
NCT00860951,P300 Brain Computer Interface Keyboard to Operate Assistive Technology,,University of Michigan,COMPLETED,29,ACTUAL,,,2008-09,2012-05,United States,False,Non-invasive ('EEG'),https://clinicaltrials.gov/study/NCT00860951,2015-07-09
NCT07553416,"Prospective, Randomized, Parallel-Controlled Study of Brain Computer Interface Integrated Robotic Mirror Therapy for Post-Stroke Upper Limb Motor Function Disorder",,Beijing Tiantan Hospital,NOT_YET_RECRUITING,40,ESTIMATED,,,2026-05-01,2027-11-30,China,False,Non-invasive ('Non-Invasive'),https://clinicaltrials.gov/study/NCT07553416,2026-04-28
NCT07783906,Precision Closed-loop Brain-Computer Interface Neuromodulation for Treatment-Resistant Depression,,Shanghai Mental Health Center,NOT_YET_RECRUITING,70,ESTIMATED,,,2026-08,2028-12-31,,False,"Stimulation therapy for Depress, not a BCI for communication or movement",https://clinicaltrials.gov/study/NCT07783906,2026-08-28
NCT01958606,High Intensity Interval Training in Chronic Stroke,,University of Cincinnati,COMPLETED,18,ACTUAL,,,2013-10,2014-08,United States,False,No BCI named in the record,https://clinicaltrials.gov/study/NCT01958606,2017-05-15
NCT00802490,Effectiveness of a Electroencephalogram (EEG) Biofeedback for the Treatment of ADHD,,"National Healthcare Group, Singapore",COMPLETED,20,ESTIMATED,,,2008-05,2011-12,Singapore,False,Non-invasive ('Electroencephalogra'),https://clinicaltrials.gov/study/NCT00802490,2013-02-22
NCT04439591,Evaluation of Implementation and Effectiveness of Computerised Brain Training for Older Adults,,Geriatric Education and Research Institute,COMPLETED,94,ACTUAL,,,2017-08-01,2018-11-09,Singapore,False,Non-invasive ('electroencephalogra'),https://clinicaltrials.gov/study/NCT04439591,2020-06-22
NCT07732868,Effects of a Virtual Reality-based Brain-Machine Interface Protocol in Spinal Cord Injury,,José Gabriel da Silva Figueiredo,ENROLLING_BY_INVITATION,20,ESTIMATED,,,2025-07-22,2028-12,Portugal,False,Non-invasive ('non-invasive'),https://clinicaltrials.gov/study/NCT07732868,2026-07-29
NCT05724173,Feasibility of the BrainGate2 Neural Interface System in Persons With Tetraplegia,braingate,"Leigh R. Hochberg, MD, PhD.",RECRUITING,3,ESTIMATED,,chronic,2023-10-18,2027-07-31,United States,True,"Implanted BCI ('BrainGate', 'BrainGate')",https://clinicaltrials.gov/study/NCT05724173,2026-06-02
NCT04727866,Brain Plus Spinal Stimulation for Cervical SCI,,Bronx VA Medical Center,COMPLETED,24,ACTUAL,,,2021-01-04,2024-01-12,United States,False,No BCI named in the record,https://clinicaltrials.gov/study/NCT04727866,2024-01-17
NCT07477613,Implantable Brain-Computer Interface for Upper-Limb Recovery After Stroke,academic-other,"University Hospital, Grenoble",RECRUITING,10,ESTIMATED,,chronic,2026-04-08,2029-04-08,France,True,"Implanted BCI ('Brain-Computer Interface', 'WIMAGINE')",https://clinicaltrials.gov/study/NCT07477613,2026-07-07
NCT06694909,Glutamate Modulation of tDCS Over Premotor Cortex Combined With Peripheral Nerve Stimulation Promoted Observation-execution-related Cortical Excitability and Motor Learning,,Beijing Sport University,COMPLETED,128,ACTUAL,,,2017-10-17,2018-10-14,China,False,No BCI named in the record,https://clinicaltrials.gov/study/NCT06694909,2024-11-19
NCT05031351,NF-κB Inhibition in Amyotrophic Lateral Sclerosis,,Sunnybrook Health Sciences Centre,UNKNOWN,75,ESTIMATED,,,2021-10-19,2022-07,Canada,False,No BCI named in the record,https://clinicaltrials.gov/study/NCT05031351,2022-06-06
NCT03259386,Movement and Sensation for Advanced Prosthetic Hands,,Mayo Clinic,TERMINATED,1,ACTUAL,,,2017-09-11,2018-10-24,United States,False,No BCI named in the record,https://clinicaltrials.gov/study/NCT03259386,2018-12-11
NCT06746922,Intermittent Theta Burst Stimulation in Fibromyalgia Syndrome,,Izmir Katip Celebi University,RECRUITING,30,ESTIMATED,,,2025-03-13,2027-02-01,Turkey (Türkiye),False,No BCI named in the record,https://clinicaltrials.gov/study/NCT06746922,2025-03-18
NCT07791459,BrainGate2: Feasibility Study of an Intracortical Neural Interface System for Persons With Aphasia,braingate,"Leigh R. Hochberg, MD, PhD.",NOT_YET_RECRUITING,5,ESTIMATED,,chronic,2026-08,2038-09,,True,"Implanted BCI ('Brain-Computer Interface', 'Intracortical Neural')",https://clinicaltrials.gov/study/NCT07791459,2026-08-31
NCT03268070,Transcranial Magnetic Stimulation in Stroke Motor Rehabilitation Treatment,,Emory University,WITHDRAWN,0,ACTUAL,,,2025-03,2027-02,,False,No BCI named in the record,https://clinicaltrials.gov/study/NCT03268070,2025-08-28
NCT06511934,Feasibility of the BrainGate2 Neural Interface System in Persons With Tetraplegia (BG-Tablet-01),braingate,"Leigh R. Hochberg, MD, PhD.",RECRUITING,6,ESTIMATED,,chronic,2024-07-22,2026-07-30,United States,True,"Implanted BCI ('brain-computer interface', 'iBCI')",https://clinicaltrials.gov/study/NCT06511934,2026-06-25
NCT06314139,Tolerability and Efficacy of Continuous Theta-burst Stimulation for Essential Tremor: A Randomized Study.,,West China Hospital,COMPLETED,60,ACTUAL,,,2022-09-01,2023-04-06,China,False,No BCI named in the record,https://clinicaltrials.gov/study/NCT06314139,2024-03-15
NCT07521930,Interfacing With NeuroTechnology to Expand Neural Throughput (INTENT),blackrock,Johns Hopkins University,RECRUITING,5,ESTIMATED,,chronic,2026-09,2028-06,United States,True,"Implanted BCI ('Brain Computer Interface', 'microelectrode arrays')",https://clinicaltrials.gov/study/NCT07521930,2026-09-02
NCT01198964,Optimization of Human Cortical Stimulation,,University of Washington,UNKNOWN,8,ESTIMATED,,,2010-09,2023-08,United States,False,Observational study of an implanted BCI; it does not implant anyone,https://clinicaltrials.gov/study/NCT01198964,2021-04-27
NCT04524039,iTBS Study for Depression in Patients With Multiple Sclerosis,,"Third Affiliated Hospital, Sun Yat-Sen University",UNKNOWN,30,ESTIMATED,,,2020-12-01,2022-09-01,,False,No BCI named in the record,https://clinicaltrials.gov/study/NCT04524039,2020-11-24
NCT07453108,Reference Measurements of the Neuronal Integration Window and Anatomical and Functional MRI (Magnetic Resonance Imaging),,"University Hospital, Strasbourg, France",ACTIVE_NOT_RECRUITING,40,ESTIMATED,,,2023-05-17,2026-12-31,France,False,No BCI named in the record,https://clinicaltrials.gov/study/NCT07453108,2026-03-05
NCT03306082,Image-guided Cochlear Implant Programming (IGCIP),,Vanderbilt University Medical Center,ENROLLING_BY_INVITATION,150,ESTIMATED,,,2015-06-23,2027-05-31,United States,False,"Sensory prosthesis, out of v1 scope ('Cochlear')",https://clinicaltrials.gov/study/NCT03306082,2026-08-03
NCT04014491,The Effects of Exercise Training on Corticospinal System in Overhead Athletes With Shoulder Impingement Syndrome,,National Yang Ming Chiao Tung University,COMPLETED,65,ACTUAL,,,2019-10-22,2021-02-28,Taiwan,False,No BCI named in the record,https://clinicaltrials.gov/study/NCT04014491,2021-05-24
NCT04997343,Neurophysiological Assessment in Patients With Multiple Sclerosis,,University of Roma La Sapienza,UNKNOWN,128,ESTIMATED,,,2021-10,2023-07-01,,False,No BCI named in the record,https://clinicaltrials.gov/study/NCT04997343,2021-08-09
NCT06415682,The Efficacy and Mechanism of SMA+M1 Repetitive Transcranial Magnetic Stimulation on Freezing of Gait in PD,,The First Affiliated Hospital with Nanjing Medical University,COMPLETED,64,ACTUAL,,,2024-10-08,2025-03-21,China,False,No BCI named in the record,https://clinicaltrials.gov/study/NCT06415682,2025-05-01
NCT02608840,Auditory Stimulation of Slow Wave Sleep and Memory in Mild Cognitive Impairment and Older Adults,,Northwestern University,COMPLETED,23,ACTUAL,,,2015-07,2018-12-31,United States,False,Non-invasive ('electroencephalogra'),https://clinicaltrials.gov/study/NCT02608840,2019-11-06
NCT06284291,Transcranial Magnetic Stimulation (TMS) in Genetic Epilepsies,,Meyer Children's Hospital IRCCS,UNKNOWN,150,ESTIMATED,,,2023-11-22,2025-11-30,Italy,False,No BCI named in the record,https://clinicaltrials.gov/study/NCT06284291,2024-02-28
NCT03155399,Proprioceptive Stimulation With Manual Bilateral Rhythmic Exercise in Post-stroke Patients,,"IRCCS San Camillo, Venezia, Italy",TERMINATED,34,ACTUAL,,,2013-07,2018-09,Italy,False,No BCI named in the record,https://clinicaltrials.gov/study/NCT03155399,2021-11-11
NCT02011399,Brain Computer Interfaces (Mu Rhythm Learning),,University of Michigan,TERMINATED,7,ACTUAL,,,2011-02,2011-06,United States,False,Non-invasive ('EEG'),https://clinicaltrials.gov/study/NCT02011399,2013-12-13
NCT01964261,Sensory Motor Transformations in Human Cortex,academic-other,"Richard A. Andersen, PhD",RECRUITING,5,ESTIMATED,,chronic,2013-11-01,2026-07-31,United States,True,"Implanted BCI ('brain-machine interface', 'Intracortical Microstimulation')",https://clinicaltrials.gov/study/NCT01964261,2025-05-22
NCT01272154,Cerebellum and Cortical Plasticity: the Case of Dystonia,,"Institut National de la Santé Et de la Recherche Médicale, France",COMPLETED,120,ACTUAL,,,2011-01,2012-10-24,France,False,No BCI named in the record,https://clinicaltrials.gov/study/NCT01272154,2025-09-04
NCT01849822,Providing Brain Control of Extracorporeal Devices to Patients With Quadriplegia,academic-other,"Richard A. Andersen, PhD",COMPLETED,1,ACTUAL,,chronic,2013-02,2019-01,United States,True,"Implanted BCI ('brain-machine interface', 'NeuroPort')",https://clinicaltrials.gov/study/NCT01849822,2021-04-30
NCT00912041,BrainGate2: Feasibility Study of an Intracortical Neural Interface System for Persons With Tetraplegia,braingate,"Leigh R. Hochberg, MD, PhD.",RECRUITING,27,ESTIMATED,,chronic,2009-05,2038-09,United States,True,"Implanted BCI ('Brain computer interface', 'Intracortical Neural')",https://clinicaltrials.gov/study/NCT00912041,2026-06-01
NCT06301542,"Multimodal, Task-Aware Movement Assessment and Control Using Functional Electrical Stimulation",,Brigham and Women's Hospital,COMPLETED,10,ACTUAL,,,2024-02-07,2024-04-04,United States,False,No BCI named in the record,https://clinicaltrials.gov/study/NCT06301542,2026-03-17
NCT06555627,Embracing Morning BReakfast and Activity for Classroom Engagement,,University of Illinois at Chicago,COMPLETED,46,ACTUAL,,,2025-02-03,2025-05-01,United States,False,No BCI named in the record,https://clinicaltrials.gov/study/NCT06555627,2026-07-09
NCT07610850,Brain-controlled Spinal Cord Stimulation in Participants With Chronic Stroke for Lower and Upper Limb Rehabilitation,onward,Ecole Polytechnique Fédérale de Lausanne,RECRUITING,3,ESTIMATED,,chronic,2026-09-01,2028-10,Switzerland,True,"Implanted BCI ('Brain computer interface', 'ECoG')",https://clinicaltrials.gov/study/NCT07610850,2026-06-08
NCT05880251,Operant Conditioning of Sensory Brain Responses to Reduce Phantom Limb Pain in People With Limb Amputation,,VA Office of Research and Development,COMPLETED,20,ACTUAL,,,2023-07-01,2025-07-01,United States,False,Non-invasive ('Electroencephalogra'),https://clinicaltrials.gov/study/NCT05880251,2026-01-16
NCT00342381,Fatigue in Multiple Sclerosis: Evaluated With 3 MRI and Transcranial Magnetic Stimulation,,University of Aarhus,COMPLETED,120,ESTIMATED,,,2006-06,,Denmark,False,No BCI named in the record,https://clinicaltrials.gov/study/NCT00342381,2007-12-17
NCT06417437,Non-invasive BCI and Application Verification for Depressed People,,Shanghai Mental Health Center,RECRUITING,400,ESTIMATED,,,2023-07-01,2027-07-31,China,False,Non-invasive ('Non-invasive'),https://clinicaltrials.gov/study/NCT06417437,2024-05-16
NCT06700304,CAN-PRIME: Precise Robotically Implanted Brain-Computer Interface for the Control of External Devices,neuralink,Neuralink Corp,RECRUITING,6,ESTIMATED,,chronic,2024-11-20,2027-11-30,Canada,True,"Implanted BCI ('Brain-Computer Interface', 'Neuralink')",https://clinicaltrials.gov/study/NCT06700304,2025-05-31
NCT02450552,Clinical Trial of Ezogabine (Retigabine) in ALS Subjects,,Brian Wainger,COMPLETED,65,ACTUAL,,,2015-06,2018-01,United States,False,No BCI named in the record,https://clinicaltrials.gov/study/NCT02450552,2019-08-28
NCT00376506,A Comparison of an Implanted Neuroprosthesis With Sensory Training for Improving Airway Protection in Chronic Dysphagia,,National Institute of Neurological Disorders and Stroke (NINDS),COMPLETED,10,ACTUAL,,,2006-07,2010-09,United States,False,No BCI named in the record,https://clinicaltrials.gov/study/NCT00376506,2012-10-26
NCT03760055,Assessment of Visual Function With a Portable Brain-computer Interface,,NGoggle,UNKNOWN,200,ESTIMATED,,,2019-02-11,2024-01,United States,False,"Vision prosthesis, out of v1 scope ('retina')",https://clinicaltrials.gov/study/NCT03760055,2020-02-27
NCT07190235,The Effect of rTMS Over the SMA on Gait Performance in Parkinson's Disease,,The Hong Kong Polytechnic University,NOT_YET_RECRUITING,81,ESTIMATED,,,2026-01-06,2027-04-30,Hong Kong,False,No BCI named in the record,https://clinicaltrials.gov/study/NCT07190235,2026-01-02
NCT05696925,Effects of Motor Imagery and Action Observation on Upper Limb Motor Chances and Cognitive Chances in Parkinson's Disease,,Federal University of Health Science of Porto Alegre,COMPLETED,60,ACTUAL,,,2023-02-01,2024-11-30,Brazil,False,BCI without a brain implant described,https://clinicaltrials.gov/study/NCT05696925,2025-04-25
NCT01474148,A Neuroprosthesis for Seated Posture and Balance,,VA Office of Research and Development,RECRUITING,10,ESTIMATED,,,2011-11-30,2027-01-31,United States,False,No BCI named in the record,https://clinicaltrials.gov/study/NCT01474148,2025-10-27
NCT04632290,Brain-controlled Spinal Cord Stimulation in Patients With Spinal Cord Injury,onward,Ecole Polytechnique Fédérale de Lausanne,ACTIVE_NOT_RECRUITING,3,ESTIMATED,,chronic,2021-07-04,2028-03,Switzerland,True,"Implanted BCI ('brain-spine interface', 'WIMAGINE')",https://clinicaltrials.gov/study/NCT04632290,2025-06-29
NCT07168850,Focused Ultrasound Unilateral Pallidotomy for Medication-Refractory Limb Dystonia,,Fondazione I.R.C.C.S. Istituto Neurologico Carlo Besta,RECRUITING,34,ESTIMATED,,,2025-01-27,2027-02-28,Italy,False,No BCI named in the record,https://clinicaltrials.gov/study/NCT07168850,2026-02-11
NCT05249049,Osseointegrated Transtibial Prosthesis With Neural Interface,,Massachusetts Institute of Technology,UNKNOWN,2,ESTIMATED,,,2021-11-03,2022-12-31,United States,False,No BCI named in the record,https://clinicaltrials.gov/study/NCT05249049,2022-02-21
NCT00955838,Brain Computer Interface (BCI) Based Robotic Rehabilitation for Stroke,,National Neuroscience Institute,UNKNOWN,40,ESTIMATED,,,2007-04,2009-10,Singapore,False,BCI without a brain implant described,https://clinicaltrials.gov/study/NCT00955838,2009-08-10
NCT00583804,Implanted Myoelectric Control for Restoration of Hand Function in Spinal Cord Injury,,MetroHealth Medical Center,ACTIVE_NOT_RECRUITING,10,ACTUAL,,,1989-04-01,2015-01-01,United States,False,No BCI named in the record,https://clinicaltrials.gov/study/NCT00583804,2025-10-03
NCT02287207,Effects of Transcranial Direct Current Stimulation on Fine Motor Skills in Parkinson's Disease: a Pilot Study,,KU Leuven,COMPLETED,20,ACTUAL,,,2015-10,2016-04,Belgium,False,No BCI named in the record,https://clinicaltrials.gov/study/NCT02287207,2016-06-08
NCT03790774,Neurofeedback in Alzheimer's Disease,,Oregon Health and Science University,TERMINATED,5,ACTUAL,,,2019-06-06,2020-06-01,United States,False,Non-invasive ('electroencephalogra'),https://clinicaltrials.gov/study/NCT03790774,2021-03-03
NCT01897818,Communication by Brain - Computer Interface in Amyotrophic Lateral Sclerosis:Feasibility Study,,Centre Hospitalier Universitaire de Nice,UNKNOWN,20,ESTIMATED,,,2013-07,2015-07,France,False,BCI without a brain implant described,https://clinicaltrials.gov/study/NCT01897818,2013-07-12
NCT02783391,Pre and Per-operative Electrophysiological Cartography of Speech Area With Cortical Electrode Matrices,,"University Hospital, Grenoble",UNKNOWN,15,ESTIMATED,,,2015-09,2021-06,France,False,No BCI named in the record,https://clinicaltrials.gov/study/NCT02783391,2020-03-25
NCT04039178,Efficacy of EMF BCI Based Device on Acute Stroke,,BrainQ Technologies Ltd.,TERMINATED,28,ACTUAL,,,2018-09-04,2020-03-21,India,False,Non-invasive ('non-invasive'),https://clinicaltrials.gov/study/NCT04039178,2021-02-11
NCT06539650,Neural Adaptations to a Single Session of Metronome-Paced Strength Training,,"Egas Moniz - Cooperativa de Ensino Superior, CRL",COMPLETED,30,ACTUAL,,,2024-07-22,2025-06-30,Portugal,False,No BCI named in the record,https://clinicaltrials.gov/study/NCT06539650,2026-01-16
NCT02586597,Paired Associative Stimulation in Stroke,,Medical University of South Carolina,COMPLETED,17,ACTUAL,,,2015-02-01,2021-11-02,United States,False,No BCI named in the record,https://clinicaltrials.gov/study/NCT02586597,2022-04-28
NCT03722290,Metformin in Children and Adults With Fragile X Syndrome,,Université de Sherbrooke,COMPLETED,15,ACTUAL,,,2018-09-01,2019-10-24,Canada,False,No BCI named in the record,https://clinicaltrials.gov/study/NCT03722290,2021-02-04
NCT07645729,Evaluation of a Powered Ankle Prosthesis Capable of Bidirectional Control Via Neural Recording and Cutaneous Stimulation in Free-Space and Walking Tasks,,Massachusetts Institute of Technology,RECRUITING,10,ESTIMATED,,,2025-10-21,2030-09-30,United States,False,No BCI named in the record,https://clinicaltrials.gov/study/NCT07645729,2026-06-12
NCT05542212,Intra-cortical Inhibition and Cognitive Deficits in Schizophrenia,,Tongji University,UNKNOWN,200,ESTIMATED,,,2022-09-28,2023-12,China,False,No BCI named in the record,https://clinicaltrials.gov/study/NCT05542212,2023-04-12
NCT07653256,"HF-rTMS Primed Balance Training on Corticomotor Excitability, Balance, and Gait in Parkinson's",,Chung Shan Medical University,NOT_YET_RECRUITING,20,ESTIMATED,,,2026-07-01,2028-04-01,,False,No BCI named in the record,https://clinicaltrials.gov/study/NCT07653256,2026-06-17
NCT02564822,Effects of the Visual Stimulation on the Motor and Visual Cortex in Migraneurs With and Without Aura,,Universidade Federal de Pernambuco,COMPLETED,59,ACTUAL,,,2015-07,2016-06,Brazil,False,No BCI named in the record,https://clinicaltrials.gov/study/NCT02564822,2018-08-24
NCT03363919,Biomarkers in Repetitive Transcranial Magnetic Stimulation (rTMS) for Adolescent Depression,,Mayo Clinic,COMPLETED,47,ACTUAL,,,2018-09-24,2023-03-03,United States,False,No BCI named in the record,https://clinicaltrials.gov/study/NCT03363919,2024-02-01
NCT07333339,A Brain-Computer Interface-Based Attention Training Program Compared With Methylphenidate and Citicoline,,Uludag University,COMPLETED,174,ACTUAL,,,2025-02-01,2025-11-01,Turkey (Türkiye),False,Non-invasive ('EEG'),https://clinicaltrials.gov/study/NCT07333339,2026-01-12
NCT07147881,Prospective Real-World Evidence Study of the IpsiHand® System in Adult Stroke Survivors,,"Neurolutions, Inc.",NOT_YET_RECRUITING,100,ESTIMATED,,,2025-09-01,2027-12-01,,False,BCI without a brain implant described,https://clinicaltrials.gov/study/NCT07147881,2025-08-29
NCT01753856,Effects of Teriparatide or Denosumab on Bone in Postmenopausal Women With Osteoporosis,,Eli Lilly and Company,COMPLETED,69,ACTUAL,,,2013-01,2014-06,Canada; United States,False,No BCI named in the record,https://clinicaltrials.gov/study/NCT01753856,2015-10-08
NCT04376138,Longitudinal Validation of Neurofeedback in Stroke Motor Rehabilitation Through Brain Imaging,,Universidade da Madeira,COMPLETED,15,ACTUAL,,,2019-08-17,2023-12-30,Portugal,False,Non-invasive ('Electroencephalogra'),https://clinicaltrials.gov/study/NCT04376138,2024-12-13
NCT03998930,Evaluation of Consciousness by Brain-computer Interface in Severely Brain Damaged Patients,,Centre Hospitalier Universitaire de Nīmes,COMPLETED,9,ACTUAL,,,2018-03-06,2018-08-21,France,False,Non-invasive ('EEG'),https://clinicaltrials.gov/study/NCT03998930,2019-07-19
NCT00029601,Surround Inhibition in Patients With Dystonia,,National Institute of Neurological Disorders and Stroke (NINDS),COMPLETED,60,,,,2002-01,,United States,False,No BCI named in the record,https://clinicaltrials.gov/study/NCT00029601,2008-03-04
NCT07471100,Neuromodulation-Induced Cortical Prehabilitation in High Grade Glioma Near the Motor Pathway: Cortical Plasticity Assessed by Navigated Transcranial Magnetic Stimulation (nTMS),,Azienda Sanitaria dell'Alto Adige,NOT_YET_RECRUITING,63,ESTIMATED,,,2026-04-01,2028-03-31,,False,No BCI named in the record,https://clinicaltrials.gov/study/NCT07471100,2026-03-13
NCT01884064,Repetitive Transcranial Magnetic Stimulation for the Treatment of Focal Hand Dystonia,,University of Minnesota,COMPLETED,17,ACTUAL,,,2008-07,2010-07,United States,False,No BCI named in the record,https://clinicaltrials.gov/study/NCT01884064,2016-06-17
NCT05423184,The Effectıveness Of Structured Myofascial Chain Exercise Training After Anterior Cruciate Ligament Reconstruction,,Bahçeşehir University,COMPLETED,52,ACTUAL,,,2022-01-01,2023-06-30,Turkey (Türkiye),False,No BCI named in the record,https://clinicaltrials.gov/study/NCT05423184,2023-09-25
NCT03758521,Natural History Study of Patients With Succinic Semialdehyde Dehydrogenase (SSADH) Deficiency,,Boston Children's Hospital,RECRUITING,55,ESTIMATED,,,2019-01-15,2029-05-31,Germany; Spain; United Kingdom; United States,False,No BCI named in the record,https://clinicaltrials.gov/study/NCT03758521,2026-01-13
NCT00890916,Hand Function for Tetraplegia,,VA Office of Research and Development,COMPLETED,10,ACTUAL,,,2012-01-01,2015-11-01,United States,False,No BCI named in the record,https://clinicaltrials.gov/study/NCT00890916,2021-06-09
NCT03827187,Awareness Detection and Communication in Disorders of Consciousness,,University of Ulster,RECRUITING,30,ESTIMATED,,,2022-02-08,2026-08,Ireland; United Kingdom,False,Non-invasive ('electroencephalogra'),https://clinicaltrials.gov/study/NCT03827187,2024-12-13
NCT02920333,Efficacy of the Non-invasive Brain Stimulation Techniques for Lower Limb Recovery in Stroke Patients,,"National University Hospital, Singapore",TERMINATED,10,ACTUAL,,,2016-02,2020-07,Singapore,False,No BCI named in the record,https://clinicaltrials.gov/study/NCT02920333,2022-04-22
NCT01953614,Effects of Chiropractic Adjustments on Brain Function Using Quantitative Encephalography,,Life University,COMPLETED,30,ACTUAL,,,2013-06,2015-12,United States,False,Non-invasive ('Electroencephalogra'),https://clinicaltrials.gov/study/NCT01953614,2016-04-20
NCT06406855,Brain-Controlled Spinal Stimulation Walking Therapy After Incomplete Spinal Cord Injury (SCI),,University of Miami,ACTIVE_NOT_RECRUITING,6,ACTUAL,,,2024-05-07,2026-12-31,United States,False,BCI without a brain implant described,https://clinicaltrials.gov/study/NCT06406855,2026-10-02
NCT03277508,Assistive Soft Robotic Glove Intervention Using Brain-Computer Interface for Elderly Stroke Patients,,"National University Hospital, Singapore",COMPLETED,11,ACTUAL,,,2018-03-02,2019-04-22,Singapore,False,Non-invasive ('electroencephalogra'),https://clinicaltrials.gov/study/NCT03277508,2019-04-30
NCT02680379,Combined Treatment of Minocycline and Lovastatin to Treat Individuals With Fragile X Syndrome,,Université de Sherbrooke,COMPLETED,22,ACTUAL,,,2016-03,2017-10,Canada,False,No BCI named in the record,https://clinicaltrials.gov/study/NCT02680379,2018-10-15
NCT01117727,Sensorimotor Rhythm Brain-Computer Interface Switch to Operate Assistive Technology,,University of Michigan,TERMINATED,1,ACTUAL,,,2011-01,2012-12,United States,False,Non-invasive ('EEG'),https://clinicaltrials.gov/study/NCT01117727,2015-06-15
NCT01915342,Developing Optimal Focal Muscle Vibration for Improving Spasticity,,Seoul National University Hospital,COMPLETED,17,ACTUAL,,,2013-08,2014-03,South Korea,False,No BCI named in the record,https://clinicaltrials.gov/study/NCT01915342,2014-10-10
NCT07417046,Possible Beneficial Effects Of Combined Fluoxetine And Occlusion Therapy In Improving And Maintaining Vision In Amblyopia Using Optical Coherence Tomography Angiography (OCTA) And Visual Evoked Potential (VEP). The Aim Of The Study Is To Evaluate Possible Beneficial Effects For Different Age Groups.,,Minia University,RECRUITING,50,ESTIMATED,,,2024-12-01,2026-03-01,Egypt,False,"Vision prosthesis, out of v1 scope ('retina')",https://clinicaltrials.gov/study/NCT07417046,2026-02-18
NCT04815486,Transcranial Magnetic Stimulation and Mental Representation Techniques for the Treatment of Stroke Patients,,Universidad Francisco de Vitoria,COMPLETED,20,ACTUAL,,,2021-05-01,2023-05-31,Spain,False,Non-invasive ('Transcranial'),https://clinicaltrials.gov/study/NCT04815486,2023-11-30
NCT07225582,Development of Optimal Sensory Feedback Strategies to Maximize Function After Tetraplegia,academic-other,Case Western Reserve University,RECRUITING,3,ESTIMATED,,chronic,2026-01-13,2030-09-01,United States,True,"Implanted BCI ('Brain Computer Interface', 'Intracortical microstimulation')",https://clinicaltrials.gov/study/NCT07225582,2026-02-19
NCT00242242,Moving a Paralyzed Hand Through Use of a Brain-Computer Interface,,National Institute of Neurological Disorders and Stroke (NINDS),TERMINATED,110,ACTUAL,,,2005-10-17,,United States,False,Non-invasive ('electroencephalogra'),https://clinicaltrials.gov/study/NCT00242242,2019-11-25
NCT03582891,The Motor Network in Parkinson's Disease and Dystonia: Mechanisms of Therapy,,"University of California, San Francisco",ACTIVE_NOT_RECRUITING,25,ESTIMATED,,,2018-10-01,2025-12-31,United States,False,No BCI named in the record,https://clinicaltrials.gov/study/NCT03582891,2026-06-11
NCT06681610,Testing Pulse Stimulation to Improve Motor Function in People With ALS: A Pilot Study,,Parc de Salut Mar,RECRUITING,50,ESTIMATED,,,2024-10-24,2025-04,Spain,False,No BCI named in the record,https://clinicaltrials.gov/study/NCT06681610,2024-11-08
NCT06374108,Resistance Training and Corticospinal Excitability in Multiple Sclerosis,,University of Aarhus,RECRUITING,54,ESTIMATED,,,2024-05-01,2025-12-31,Denmark,False,No BCI named in the record,https://clinicaltrials.gov/study/NCT06374108,2024-12-11
NCT07407725,Clinical Outcome Assessment for AT & BCI,,Shirley Ryan AbilityLab,RECRUITING,60,ESTIMATED,,,2026-01-08,2026-12,United States,False,Manual override: Outcome-measure study of people who already use assistive technology or a BCI. The record does not describe implanting anyone.,https://clinicaltrials.gov/study/NCT07407725,2026-05-05
NCT01371409,Interhemispheric Inhibitory Interactions,,Canadian Institutes of Health Research (CIHR),COMPLETED,49,ACTUAL,,,2011-04,2014-02,Canada,False,No BCI named in the record,https://clinicaltrials.gov/study/NCT01371409,2016-06-28
NCT02071485,Non-Invasive Brain-Computer Interface for Virtual Object Control,,University of Minnesota,COMPLETED,205,ACTUAL,,,2014-03,2018-01-08,United States,False,Non-invasive ('Non-Invasive'),https://clinicaltrials.gov/study/NCT02071485,2018-01-18
NCT02307617,Glutamate Probes in Adolescent Depression,,Mayo Clinic,COMPLETED,57,ACTUAL,,,2014-08-01,2017-04-17,United States,False,No BCI named in the record,https://clinicaltrials.gov/study/NCT02307617,2021-04-23
NCT06538506,ANIMATOR - RehUP BCI Controlled Robotic Therapy vs. an Attention-based Control,,University of Calgary,NOT_YET_RECRUITING,60,ESTIMATED,,,2024-08,2027-03,Canada,False,Non-invasive ('electroencephalogra'),https://clinicaltrials.gov/study/NCT06538506,2024-08-09
NCT02228187,Brain-Computer Interface System for Training Memory and Attention in Elderly,,Duke-NUS Graduate Medical School,COMPLETED,240,ACTUAL,,,2015-07,2017-06,Singapore,False,Non-invasive ('non-invasive'),https://clinicaltrials.gov/study/NCT02228187,2017-08-02
NCT02971371,The Role of MNS in Improving Motor Performance,,IRCCS Centro Neurolesi Bonino Pulejo,COMPLETED,24,ACTUAL,,,2015-10,2016-02,,False,Non-invasive ('non-invasive'),https://clinicaltrials.gov/study/NCT02971371,2016-11-22
NCT06076928,Brain Computer Interface (BCI) Integrated Wearable Hand Robotic Glove System for Upper Limb Stroke Rehabilitation,,Tan Tock Seng Hospital,RECRUITING,60,ESTIMATED,,,2024-08-01,2026-01,Singapore,False,BCI without a brain implant described,https://clinicaltrials.gov/study/NCT06076928,2025-09-09
NCT04749745,Effects of L-theanine on Motor Cortex Excitability in Healthy Subjects: A Paired-Pulse TMS Study,,Butler Hospital,COMPLETED,11,ACTUAL,,,2020-06-09,2021-05-31,United States,False,No BCI named in the record,https://clinicaltrials.gov/study/NCT04749745,2021-09-23
NCT07218107,Neurostimulation Exosuit Augmented Training (NEAT) in the Clinic,,Boston University Charles River Campus,COMPLETED,4,ACTUAL,,,2024-06-04,2024-10-23,United States,False,No BCI named in the record,https://clinicaltrials.gov/study/NCT07218107,2025-10-20
NCT02765334,A Study of Neurostyle Brain Exercise Therapy Towards Enhanced Recovery (nBETTER) for Stroke,,Tan Tock Seng Hospital,COMPLETED,13,ACTUAL,,,2015-12-28,2017-08-16,Singapore,False,BCI without a brain implant described,https://clinicaltrials.gov/study/NCT02765334,2018-02-27
NCT06673264,First-In-human Trial of a NovEl Soft and Stretchable Neural probE,axoft,"Axoft, Inc.",COMPLETED,5,ACTUAL,,acute,2025-03-14,2025-08-21,Panama,True,"Implanted BCI, temporary ('already scheduled')",https://clinicaltrials.gov/study/NCT06673264,2025-09-18
NCT07139093,Testing of an Interface for Synchronizing tACS-DBS With a Phase-locked-loop,,Universitätsklinikum Hamburg-Eppendorf,COMPLETED,2,ACTUAL,,,2025-09-30,2026-02-27,Germany,False,"Stimulation therapy for Parkinson, not a BCI for communication or movement",https://clinicaltrials.gov/study/NCT07139093,2026-06-30
NCT07760116,Robotic Exoskeleton Gait Training With and Without Brain-Computer Interface Control After Stroke,,Taichung Veterans General Hospital,COMPLETED,42,ACTUAL,,,2025-01-01,2025-12-31,Taiwan,False,Non-invasive ('EEG'),https://clinicaltrials.gov/study/NCT07760116,2026-08-12
NCT02445625,BCI (Brain Computer Interface) Intervention in Autism,,University of Coimbra,COMPLETED,15,ACTUAL,,,2016-02,2017-11,,False,Non-invasive ('EEG'),https://clinicaltrials.gov/study/NCT02445625,2019-02-18
NCT02791425,Brain Computer Interface for Communication in Ventilated Patients,,University of Michigan,TERMINATED,1,ACTUAL,,,2017-03-01,2017-08-25,United States,False,Non-invasive ('Electroencephalogra'),https://clinicaltrials.gov/study/NCT02791425,2019-04-17
NCT07647887,Effects of Cervical Manual Therapy for Temporomandibular Disorders With Myalgia,,National Yang Ming Chiao Tung University,NOT_YET_RECRUITING,48,ESTIMATED,,,2026-07-01,2027-12-01,,False,No BCI named in the record,https://clinicaltrials.gov/study/NCT07647887,2026-06-15
NCT02551315,"Microarchitecture, Bone Strength and Fracture Risk in Type 2 Diabetes",,"University Hospital, Basel, Switzerland",COMPLETED,274,ACTUAL,,,2016-06,2020-01-10,Switzerland,False,No BCI named in the record,https://clinicaltrials.gov/study/NCT02551315,2022-12-22
NCT06325813,ADHD PreSMA Response Inhibition Therapy,,"Children's Hospital Medical Center, Cincinnati",RECRUITING,40,ESTIMATED,,,2024-09-03,2027-05-31,United States,False,No BCI named in the record,https://clinicaltrials.gov/study/NCT06325813,2026-01-27
NCT07585058,Safety and Efficacy of Early Non-invasive Brain-Computer Interface-Based Rehabilitation in Acute Ischemic Stroke,,Shandong Provincial Hospital,NOT_YET_RECRUITING,60,ESTIMATED,,,2026-10,2027-10,,False,Non-invasive ('Non-invasive'),https://clinicaltrials.gov/study/NCT07585058,2026-09-25
NCT06598891,PAS Balance Training for Parkinson Disease (PD),,Chang Gung University,RECRUITING,60,ESTIMATED,,,2024-10-09,2026-05,Taiwan,False,No BCI named in the record,https://clinicaltrials.gov/study/NCT06598891,2024-10-10
NCT05871372,Intracranial Investigation of Neural Circuity Underlying Human Mood,,Baylor College of Medicine,RECRUITING,58,ESTIMATED,,,2023-07-03,2028-03,United States,False,No BCI named in the record,https://clinicaltrials.gov/study/NCT05871372,2026-03-04
NCT02325947,Efficacy of Hand Exoskeleton Controlled by BCI in Post Stroke Patients,,Russian Academy of Medical Sciences,COMPLETED,75,ACTUAL,,,2015-01,2017-09,Russia,False,Non-invasive ('non-invasive'),https://clinicaltrials.gov/study/NCT02325947,2017-09-29
NCT05627986,Sensorimotor Cortex Excitability in Shoulder Impingement Syndrome,,National Yang Ming Chiao Tung University,COMPLETED,40,ACTUAL,,,2022-08-28,2023-08-05,Taiwan,False,No BCI named in the record,https://clinicaltrials.gov/study/NCT05627986,2024-11-15
NCT02815124,Trial of Image-Guided Cochlear Implant Programming Versus Standard of Care,,Vanderbilt University Medical Center,WITHDRAWN,0,ACTUAL,,,2021-12,2021-12,United States,False,"Sensory prosthesis, out of v1 scope ('Cochlear')",https://clinicaltrials.gov/study/NCT02815124,2022-01-20
NCT01958086,Visuomotor Prosthetic for Paralysis,academic-other,"Richard A. Andersen, PhD",RECRUITING,2,ESTIMATED,,chronic,2013-10-01,2031-04-30,United States,True,"Implanted BCI ('brain machine interface', 'NeuroPort')",https://clinicaltrials.gov/study/NCT01958086,2026-03-18
NCT00001661,Mechanisms of Human Plasticity in the Human System,,National Institute of Neurological Disorders and Stroke (NINDS),COMPLETED,260,,,,1996-12,,United States,False,No BCI named in the record,https://clinicaltrials.gov/study/NCT00001661,2008-03-04
NCT04426773,Electroencephalography (EEG) Predictors of Transcranial Direct Current Stimulation (tDCS) in Obsessive-Compulsive Disorder (OCD),,Shanghai Mental Health Center,COMPLETED,40,ACTUAL,,,2020-07-01,2025-04-30,China,False,No BCI named in the record,https://clinicaltrials.gov/study/NCT04426773,2025-05-15
NCT01661894,Effectiveness of a Brain-Computer Interface Based System for Cognitive Enhancement in the Normal Elderly,,Duke-NUS Graduate Medical School,COMPLETED,82,ACTUAL,,,2012-04,2014-04,Singapore,False,Non-invasive ('non-invasive'),https://clinicaltrials.gov/study/NCT01661894,2014-07-25
NCT07409480,Design and Development of a Functional Plant-based Beverage to Improve Nutritional Status and Immunity for the Early Elderly People to Get Well-healthy Ageing,,University Rovira i Virgili,NOT_YET_RECRUITING,70,ESTIMATED,,,2026-02-09,2027-05-31,Spain,False,No BCI named in the record,https://clinicaltrials.gov/study/NCT07409480,2026-02-18
NCT05863754,Grasp-Release Assessment of a Networked Neuroprosthesis Device,,MetroHealth Medical Center,RECRUITING,13,ESTIMATED,,,2022-01-23,2027-12-01,United States,False,No BCI named in the record,https://clinicaltrials.gov/study/NCT05863754,2025-12-19
NCT04468919,Optimizing BCI-FIT: Brain Computer Interface - Functional Implementation Toolkit,,Oregon Health and Science University,COMPLETED,55,ACTUAL,,,2022-07-15,2025-05-05,United States,False,Non-invasive ('non-invasive'),https://clinicaltrials.gov/study/NCT04468919,2025-05-16
NCT06521736,Brain-computer Interface Commercial Readiness,,Kendrea Garand,COMPLETED,47,ACTUAL,,,2024-09-13,2026-04-30,United States,False,BCI without a brain implant described,https://clinicaltrials.gov/study/NCT06521736,2026-06-12
NCT06777329,A Comparison Study Between 10 Days of Dry Immersion Versus 10 Days of Head-down Bedrest on 20 Healthy Male Volunteers,,Centre National d'Etudes Spatiales,COMPLETED,20,ACTUAL,,,2024-12-09,2025-04-23,France,False,No BCI named in the record,https://clinicaltrials.gov/study/NCT06777329,2025-05-06
NCT07537530,Gait Rehabilitation in Stroke Patients Using Functional Electrical Stimulation and Visual Feedback,,g.tec medical engineering GmbH,COMPLETED,30,ACTUAL,,,2025-06-03,2026-04-02,Austria,False,Non-invasive ('electroencephalogra'),https://clinicaltrials.gov/study/NCT07537530,2026-04-17
NCT03863847,A Neurofeedback Treatment for Chronic Musculoskeletal Pain,,Aalborg University,UNKNOWN,32,ESTIMATED,,,2018-09-01,2019-12-31,Denmark,False,BCI without a brain implant described,https://clinicaltrials.gov/study/NCT03863847,2019-03-05
NCT01880268,Wireless Brain-computer-interface-controlled Neurorehabilitation System for Patients With Stroke,,China Medical University Hospital,UNKNOWN,20,ESTIMATED,,,2013-07,2017-12,Taiwan,False,Non-invasive ('Electroencephalogra'),https://clinicaltrials.gov/study/NCT01880268,2017-01-23
NCT06213428,Effects of Probiotics on Synaptic Plasticity During the Menstrual Cycle,,McMaster University,UNKNOWN,40,ESTIMATED,,,2024-01,2025-05,Canada,False,No BCI named in the record,https://clinicaltrials.gov/study/NCT06213428,2024-01-19
NCT00786032,A Clinical Demonstration of EEG Brain-computer Interface for ALS Patients,,US Department of Veterans Affairs,COMPLETED,27,ACTUAL,,,2011-09,2013-06,United States,False,Non-invasive ('EEG'),https://clinicaltrials.gov/study/NCT00786032,2015-01-08
NCT04692285,Electrophysiological and Neuroimaging Correlates of the Effect of Zolpidem in Patients With Focal Dystonia,,University Medical Centre Ljubljana,COMPLETED,24,ACTUAL,,,2017-09-30,2021-04-30,Serbia; Slovenia,False,No BCI named in the record,https://clinicaltrials.gov/study/NCT04692285,2023-12-04
NCT04123808,IpsiHand System for Rehabilitation of the Arm and Hand After Stroke,,Columbia University,WITHDRAWN,0,ACTUAL,,,2019-12-02,2020-06-30,,False,BCI without a brain implant described,https://clinicaltrials.gov/study/NCT04123808,2020-08-05
NCT02135198,Effects of GABA Modulator AZD7325 on Cortical Excitability,,"University College, London",COMPLETED,12,ACTUAL,,,2014-09,2015-08,United Kingdom,False,No BCI named in the record,https://clinicaltrials.gov/study/NCT02135198,2015-08-28
NCT02899858,Restoration of Standing and Walking With ISMS in Humans,,Vanderbilt University,WITHDRAWN,0,ACTUAL,,,2015-01,2019-10,United States,False,No BCI named in the record,https://clinicaltrials.gov/study/NCT02899858,2022-02-24
NCT01707498,Robust Intelligent Keyboard for Quadraplegic Patients,,Centre d'Investigation Clinique et Technologique 805,UNKNOWN,20,ESTIMATED,,,2013-02,2018-01,France,False,BCI without a brain implant described,https://clinicaltrials.gov/study/NCT01707498,2018-02-01
NCT01855958,Motor Cortex Plasticity and the Effect of Deep Intramuscular Needling Stimulation Therapy (DIMST) in Osteoarthritis Pain,,Hospital de Clinicas de Porto Alegre,COMPLETED,26,ACTUAL,,,2012-02,2012-06,Brazil,False,No BCI named in the record,https://clinicaltrials.gov/study/NCT01855958,2017-09-15
NCT05200091,Sensorimotor Integration Underlying Balance Control in Individuals With Incomplete Spinal Cord Injury,,Centre for Interdisciplinary Research in Rehabilitation of Greater Montreal,UNKNOWN,36,ESTIMATED,,,2018-07-09,2022-12,Canada,False,No BCI named in the record,https://clinicaltrials.gov/study/NCT05200091,2022-01-20
NCT01123148,A P300 Brain Computer Interface to Operate Power Wheelchair Tilt,,University of Michigan,COMPLETED,16,ACTUAL,,,2010-01,2010-08,,False,Non-invasive ('EEG'),https://clinicaltrials.gov/study/NCT01123148,2016-08-01
NCT02618135,Brain-Computer Interface-based Programme for the Treatment of ASD/ADHD,,Duke-NUS Graduate Medical School,COMPLETED,20,ACTUAL,,,2016-05,2018-03,Singapore,False,Non-invasive ('EEG'),https://clinicaltrials.gov/study/NCT02618135,2020-07-23
NCT02550522,Brain Computer Interface: Neuroprosthetic Control of a Motorized Exoskeleton,academic-other,"University Hospital, Grenoble",RECRUITING,5,ESTIMATED,,chronic,2015-09,2033-04,France,True,"Implanted BCI ('Brain Computer Interface', 'electrocorticogram')",https://clinicaltrials.gov/study/NCT02550522,2024-12-16
NCT05945212,Effects of Local Vibrations Program of Dorsiflexor Muscles on Neuromotor Recovery in Subacute Stroke Patients.,,Centre Hospitalier Universitaire de Saint Etienne,RECRUITING,70,ESTIMATED,,,2024-03-12,2027-01-07,France,False,No BCI named in the record,https://clinicaltrials.gov/study/NCT05945212,2025-12-04
NCT02019667,Phase 2 Clinical Trial of SGS-742 Therapy in Succinic Semialdehyde Dehydrogenase Deficiency,,National Institute of Neurological Disorders and Stroke (NINDS),COMPLETED,19,ACTUAL,,,2014-03-31,2019-01-31,United States,False,No BCI named in the record,https://clinicaltrials.gov/study/NCT02019667,2020-02-24
NCT02069353,Augmented Multimodal Neurologic Monitoring in High Risk Survivors of Cardiac Arrest,,Jonathan Elmer,TERMINATED,4,ACTUAL,,,2015-07,2018-10-19,United States,False,No BCI named in the record,https://clinicaltrials.gov/study/NCT02069353,2019-10-08
NCT04501731,"Controlling Coordination After Childhood Cerebellar Cancer, a Pilot Study",,University of Nottingham,UNKNOWN,10,ESTIMATED,,,2022-04-28,2022-07-30,United Kingdom,False,No BCI named in the record,https://clinicaltrials.gov/study/NCT04501731,2022-05-25
NCT04465786,A Closed-loop Brain-computer Interface for Stroke,,"Taipei Veterans General Hospital, Taiwan",UNKNOWN,70,ESTIMATED,,,2020-07-13,2022-08-31,Taiwan,False,Non-invasive ('EMG'),https://clinicaltrials.gov/study/NCT04465786,2020-07-10
NCT01983631,The Effect of Whole Body Vibration Training on Neuromuscular Property in Individuals With Ataxia,,Chang Gung University,COMPLETED,17,ACTUAL,,,2011-04,2013-03,Taiwan,False,No BCI named in the record,https://clinicaltrials.gov/study/NCT01983631,2013-11-14
NCT07014384,Cerebellar Transcranial Direct Current Stimulation (tDCS) in Patients With Isolated Cervical Dystonia (CD),,Universitätsklinikum Hamburg-Eppendorf,COMPLETED,15,ACTUAL,,,2024-09-15,2025-09-15,Germany,False,No BCI named in the record,https://clinicaltrials.gov/study/NCT07014384,2026-05-19
NCT03293394,Rehabilitative Trial With tDCS in Amyotrophic Lateral Sclerosis,,Azienda Socio Sanitaria Territoriale degli Spedali Civili di Brescia,COMPLETED,30,ACTUAL,,,2017-10-02,2018-06-20,Italy,False,No BCI named in the record,https://clinicaltrials.gov/study/NCT03293394,2020-03-03
NCT05372523,Senseye's OBCI Diagnostic Tool for PTSD,,"Senseye, Inc.",TERMINATED,61,ACTUAL,,,2022-04-25,2023-01-11,United States,False,BCI without a brain implant described,https://clinicaltrials.gov/study/NCT05372523,2023-04-12
NCT05066659,Balance Performance and Corticomotor Inhibition in PD,,National Yang Ming Chiao Tung University,UNKNOWN,50,ESTIMATED,,,2021-10-08,2022-09-08,Taiwan,False,No BCI named in the record,https://clinicaltrials.gov/study/NCT05066659,2021-10-04
NCT05532579,Effectiveness of an Invasive Physical Therapy Protocol in Primary Care Patients With Low Back Pain. Randomized Controlled Clinical Trial,,Universitat Internacional de Catalunya,UNKNOWN,38,ESTIMATED,,,2023-04-01,2024-04-01,Spain,False,No BCI named in the record,https://clinicaltrials.gov/study/NCT05532579,2022-09-08
NCT06975423,Walking Sensation Study,,University of Florida,RECRUITING,30,ESTIMATED,,,2025-09-08,2027-01-31,United States,False,No BCI named in the record,https://clinicaltrials.gov/study/NCT06975423,2026-06-04
NCT06814873,Enhanced Human Sensorimotor Integration Via Self-modulation of the Somatosensory Activity,,Keio University,COMPLETED,39,ACTUAL,,,2023-05-10,2024-03-31,Japan,False,Non-invasive ('non-invasive'),https://clinicaltrials.gov/study/NCT06814873,2025-02-07
NCT02983370,Development of a Cortical Visual Neuroprosthesis for the Blind,,Universidad Miguel Hernandez de Elche,RECRUITING,5,ESTIMATED,,,2019-10-01,2027-12,Spain,False,"Vision prosthesis, out of v1 scope ('visual prosthe')",https://clinicaltrials.gov/study/NCT02983370,2026-05-05
NCT06710626,Control of Assistive Devices Via Brain-Computer Interface Technology,neuralink,Neuralink Corp,ENROLLING_BY_INVITATION,3,ESTIMATED,,chronic,2024-11-25,2031-05-25,United States,True,"Implanted BCI ('Brain-Computer Interface', 'Neuralink')",https://clinicaltrials.gov/study/NCT06710626,2025-06-05
NCT03386188,Role of the Posterior Parietal Cortex in the Processing of Sensory Information,,"University Hospital, Lille",TERMINATED,20,ESTIMATED,,,2016-01-08,2021-07-18,France,False,No BCI named in the record,https://clinicaltrials.gov/study/NCT03386188,2026-04-22
NCT02329652,Multi-functional Neuroprosthetic System for Restoration of Motor Function in Spinal Cord Injury,,Anne Bryden,RECRUITING,30,ESTIMATED,,,2014-12-01,2028-12-31,United States,False,No BCI named in the record,https://clinicaltrials.gov/study/NCT02329652,2025-12-19
NCT06628427,Unlock the Secrets of Ageing Brains Through P300 Brain-computer Interface Games,,University of Sheffield,UNKNOWN,15,ESTIMATED,,,2024-10-15,2025-05-14,United Kingdom,False,Non-invasive ('non-invasive'),https://clinicaltrials.gov/study/NCT06628427,2024-10-08
NCT06116942,Magnetic Brain Stimulation and Computer-based Motor Training for Rehabilitation After Stroke,,Max Planck Institute for Human Cognitive and Brain Sciences,RECRUITING,24,ESTIMATED,,,2023-11-08,2026-09-19,Germany,False,Non-invasive ('EEG'),https://clinicaltrials.gov/study/NCT06116942,2023-11-09
NCT04451941,Clinical Effects of Brain Machine Interface in Chronic Stroke Patient,,"National Rehabilitation Center, Seoul, Korea",UNKNOWN,30,ESTIMATED,,,2020-07-01,2021-12-01,South Korea,False,Non-invasive ('EEG'),https://clinicaltrials.gov/study/NCT04451941,2020-07-31
NCT07686822,Spinal Cord Stimulation Combined With Motor Imagery Brain-Computer Interface for Chronic Post-Stroke Upper Limb Motor Dysfunction,,Zhejiang Provincial People's Hospital,NOT_YET_RECRUITING,66,ESTIMATED,,,2026-09,2028-02,China,False,Non-invasive ('Non-Invasive'),https://clinicaltrials.gov/study/NCT07686822,2026-07-07
NCT05509686,The Immediate Effects of Intermittent Theta Burst Stimulation on Intracortical Excitability of the Primary Motor Cortex in Patients With Chronic Stroke,,The Hong Kong Polytechnic University,COMPLETED,21,ACTUAL,,,2020-07-15,2021-07-30,Hong Kong,False,No BCI named in the record,https://clinicaltrials.gov/study/NCT05509686,2022-08-22
NCT02781454,Mexiletine in Sporadic Amyotrophic Lateral Sclerosis,,University of Washington,COMPLETED,20,ACTUAL,,,2016-10,2018-09-30,United States,False,No BCI named in the record,https://clinicaltrials.gov/study/NCT02781454,2019-12-05
NCT06944834,A Study on the Safety and Functionality of the Implantable Wireless Brain-Computer Interfaces for Motor Rehabilitation,stairmed,"Shanghai StairMed Technology Co., Ltd.",NOT_YET_RECRUITING,5,ESTIMATED,,chronic,2025-04,2027-04,China,True,"Implanted BCI ('Brain-Computer Interfaces', 'Implantable Wireless Brain-Computer Interfaces')",https://clinicaltrials.gov/study/NCT06944834,2025-04-25
NCT04071587,Brain Computer Interface Training After Stroke,,University of Aarhus,COMPLETED,40,ACTUAL,,,2019-08-26,2022-03-31,Denmark,False,BCI without a brain implant described,https://clinicaltrials.gov/study/NCT04071587,2022-11-14
NCT01237860,Evaluation of the Safety and Performance of the NESS L300 Plus System,,Bioness Inc,COMPLETED,45,ESTIMATED,,,2010-09,2011-01,Israel,False,No BCI named in the record,https://clinicaltrials.gov/study/NCT01237860,2011-11-16
NCT07843615,Mechanism of BCI-Based Dual-Target Neurofeedback Training in Improving Cognitive Control Deficits in Internet Gaming Disorder,,The First Affiliated Hospital of Bengbu Medical University,RECRUITING,120,ESTIMATED,,,2026-01-01,2028-12-30,China,False,Non-invasive ('EEG'),https://clinicaltrials.gov/study/NCT07843615,2026-09-28
NCT06992596,UAE-PRIME: A Feasibility Study of a Precise Robotically Implanted Brain-Computer Interface for the Control of External Devices,neuralink,Neuralink Corp,RECRUITING,10,ESTIMATED,,chronic,2025-05-09,2026-11,United Arab Emirates,True,"Implanted BCI ('Brain-Computer Interface', 'Neuralink')",https://clinicaltrials.gov/study/NCT06992596,2025-06-05
NCT07828496,Cognitive Rehabilitation Using Neurofeedback With Brain-computer Interface,,KK Women's and Children's Hospital,RECRUITING,70,ESTIMATED,,,2025-11-01,2028-02-01,Singapore,False,Non-invasive ('electroencephalogra'),https://clinicaltrials.gov/study/NCT07828496,2026-09-18
NCT06432907,StereoEEG Motor Neuronal Potentials Decoding,academic-other,"Research Center of Neurology, Russia",RECRUITING,30,ESTIMATED,,acute,2024-06-06,2026-12-25,Russia,True,"Implanted BCI, temporary ('StereoEEG')",https://clinicaltrials.gov/study/NCT06432907,2025-07-24
NCT06241963,High Definition Transcranial Direct Current Stimulation (HD-tDCS) for Refractory Epilepsy,,Anhui Medical University,UNKNOWN,90,ESTIMATED,,,2024-02-12,2025-12-30,China,False,No BCI named in the record,https://clinicaltrials.gov/study/NCT06241963,2024-02-20
NCT03289793,NEUROFEEDBACK on Event-Related Potential (ERP),,Hospices Civils de Lyon,COMPLETED,52,ACTUAL,,,2017-02-02,2019-09-09,France,False,Non-invasive ('EEG'),https://clinicaltrials.gov/study/NCT03289793,2019-10-29
NCT02148770,The Effect of Neurofeedback on Eating Behaviour,,University Hospital Tuebingen,UNKNOWN,50,ESTIMATED,,,2014-11,2017-05,Germany,False,Non-invasive ('fmri'),https://clinicaltrials.gov/study/NCT02148770,2016-05-30
NCT06384495,How Does Cerebellar tDCS Alter Intracortical Inhibition Over Time?,,University of Minnesota,TERMINATED,3,ACTUAL,,,2024-07-15,2025-08-10,United States,False,No BCI named in the record,https://clinicaltrials.gov/study/NCT06384495,2025-08-24
NCT02565199,Premotor Cortex: A New Target for Stroke Motor Rehabilitation,,Emory University,SUSPENDED,50,ESTIMATED,,,2015-09,2024-02,United States,False,No BCI named in the record,https://clinicaltrials.gov/study/NCT02565199,2023-08-16
NCT03811301,[BrainConnexion] - Neurodevice Phase I Trial,,National Neuroscience Institute,UNKNOWN,5,ACTUAL,,,2017-11-21,2023-01-27,Singapore,False,No BCI named in the record,https://clinicaltrials.gov/study/NCT03811301,2023-05-06
NCT00001936,Electrical Muscle Stimulation to Aid Swallowing in Dysphagia,,National Institute of Neurological Disorders and Stroke (NINDS),COMPLETED,155,,,,1999-09-28,2009-08-18,United States,False,No BCI named in the record,https://clinicaltrials.gov/study/NCT00001936,2017-07-02
NCT04293484,Cortico-Spinal tDCS as Rehabilitative Intervention in Amyotrophic Lateral Sclerosis,,Azienda Socio Sanitaria Territoriale degli Spedali Civili di Brescia,COMPLETED,31,ACTUAL,,,2018-03-12,2022-07-31,Italy,False,No BCI named in the record,https://clinicaltrials.gov/study/NCT04293484,2022-10-21
NCT06268236,Electro-acupuncture to Treat Disorder of Consciousness,,"The Second Affiliated Hospital, Guangzhou University of Traditional Chinese Medicine",UNKNOWN,50,ESTIMATED,,,2024-01-01,2026-01-31,China,False,No BCI named in the record,https://clinicaltrials.gov/study/NCT06268236,2024-09-19
NCT05778448,BCI for Hemiparetic Upper Extremities in Patients Due to Stroke,,The Hong Kong Polytechnic University,COMPLETED,30,ACTUAL,,,2021-08-11,2023-07-31,Hong Kong,False,Non-invasive ('Non-invasive'),https://clinicaltrials.gov/study/NCT05778448,2026-06-08
NCT07822932,Auricular Vagus Nerve Stimulation Mechanisms for HIV-Associated Peripheral Neuropathy,,University of Miami,NOT_YET_RECRUITING,70,ESTIMATED,,,2026-11,2028-08-30,United States,False,No BCI named in the record,https://clinicaltrials.gov/study/NCT07822932,2026-09-24
NCT04651478,Mental Representation Techniques for the Treatment of Parkinson´s Disease-related Pain,,Universidad Francisco de Vitoria,UNKNOWN,32,ESTIMATED,,,2021-05-03,2021-10,Spain,False,BCI without a brain implant described,https://clinicaltrials.gov/study/NCT04651478,2021-03-23
NCT00623389,Evaluation of an Advanced Lower Extremity Neuroprostheses,,Case Western Reserve University,RECRUITING,10,ESTIMATED,,,2018-06-01,2027-12-31,United States,False,No BCI named in the record,https://clinicaltrials.gov/study/NCT00623389,2026-07-10
NCT02701647,Effects of Combined rTMS and Treadmill Training in People With Parkinson's Disease,,The Hong Kong Polytechnic University,COMPLETED,51,ACTUAL,,,2016-10,2018-12,Hong Kong,False,No BCI named in the record,https://clinicaltrials.gov/study/NCT02701647,2019-11-22
NCT01570816,Improving Ambulatory Community Access After Paralysis,,Louis Stokes VA Medical Center,UNKNOWN,6,ESTIMATED,,,2012-04,2021-07,United States,False,No BCI named in the record,https://clinicaltrials.gov/study/NCT01570816,2018-03-14
NCT07457645,Safety and Efficacy of High-Channel Implanted BCI for Motor Function Improvement in Tetraplegia Patients,academic-other,Shanghai Zhongshan Hospital,NOT_YET_RECRUITING,10,ESTIMATED,,chronic,2026-05-15,2028-07-15,China,True,"Implanted BCI ('Brain-Computer Interface', 'intracranial electrode')",https://clinicaltrials.gov/study/NCT07457645,2026-04-28
NCT03611855,Chronic Stroke Rehabilitation With Contralesional Brain-Computer Interface,,Washington University School of Medicine,TERMINATED,56,ACTUAL,,,2018-04-26,2020-03-18,United States,False,Non-invasive ('Electroencephalogra'),https://clinicaltrials.gov/study/NCT03611855,2021-05-19
NCT03441256,"Motor, Sensory, and Autonomic Function in Traumatic Spinal Cord Injury After the LION Procedure.",,Spinal Cord Injury Centre of Western Denmark,COMPLETED,16,ACTUAL,,,2018-01-01,2020-12-31,Denmark,False,No BCI named in the record,https://clinicaltrials.gov/study/NCT03441256,2021-09-28
NCT03100110,NeuroCognitive Communicator: Safety Study,academic-other,Ottawa Hospital Research Institute,UNKNOWN,2,ESTIMATED,,chronic,2019-05-13,2024-04-15,Canada,True,"Implanted BCI ('brain-computer interface', 'microelectrode array')",https://clinicaltrials.gov/study/NCT03100110,2022-08-01
NCT04050696,The Use of Electromagnetic Field (EMF) Treatment in Chronic Spinal Cord Injury (SCI) Patients,,BrainQ Technologies Ltd.,UNKNOWN,8,ESTIMATED,,,2019-09-18,2023-12-01,Israel; United States,False,BCI without a brain implant described,https://clinicaltrials.gov/study/NCT04050696,2023-08-22
NCT07110688,"Novel Multimodal Neural, Physiological, and Behavioral Sensing and Machine Learning for Mental States",academic-other,University of Southern California,RECRUITING,90,ESTIMATED,,acute,2024-08-01,2028-11-30,United States,True,"Implanted BCI, temporary ('intracranial EEG')",https://clinicaltrials.gov/study/NCT07110688,2025-10-01
NCT00202423,Use of Cannabinoids in Patients With Multiple Sclerosis,,S. Andrea Hospital,UNKNOWN,20,,,,2005-07,,Italy,False,No BCI named in the record,https://clinicaltrials.gov/study/NCT00202423,2005-11-29
NCT06426160,Tocilizumab for Painful Chronic Pancreatitis,,Soren Schou Olesen,ACTIVE_NOT_RECRUITING,32,ACTUAL,,,2024-05-21,2026-10,Denmark,False,No BCI named in the record,https://clinicaltrials.gov/study/NCT06426160,2026-08-14
NCT05630456,The Effect of Health Provider's Feedback on Physical Activity Surveillance Using Wearable Device-Smartphone Application for Resolution of Metabolic Syndrome,,Pusan National University Hospital,COMPLETED,67,ACTUAL,,,2020-08-01,2021-01-31,South Korea,False,No BCI named in the record,https://clinicaltrials.gov/study/NCT05630456,2022-11-29
NCT02767310,Study to Determine the Bioequivalence of Two Products Containing Rosuvastatin (20 mg/Tablet),,Verisfield UK Ltd. Greek Branch,COMPLETED,49,ACTUAL,,,2016-05,2016-06,India,False,No BCI named in the record,https://clinicaltrials.gov/study/NCT02767310,2016-07-06
NCT05925296,The Effect of Dual-site Repetitive Transcranial Magnetic Stimulation on Freezing of Gait in PD,,The First Affiliated Hospital with Nanjing Medical University,UNKNOWN,53,ESTIMATED,,,2022-08-01,2023-09-01,China,False,No BCI named in the record,https://clinicaltrials.gov/study/NCT05925296,2023-07-03
NCT01923662,A Neuroprosthesis for Prolonged Standing After SCI Using Multi-Contact Peripheral Nerve Electrodes,,VA Office of Research and Development,COMPLETED,6,ACTUAL,,,2013-04-11,2024-03-18,United States,False,No BCI named in the record,https://clinicaltrials.gov/study/NCT01923662,2025-08-22
NCT01056861,Effects of Botulinum Toxin in Cervical Dystonia,,Henry Ford Health System,COMPLETED,7,ACTUAL,,,2010-01,2014-07,United States,False,No BCI named in the record,https://clinicaltrials.gov/study/NCT01056861,2015-04-17
NCT01934296,Chronic Effects of DBS in Parkinson's Disease and Dystonia,,"University of California, San Francisco",COMPLETED,9,ACTUAL,,,2013-11,2021-12,United States,False,No BCI named in the record,https://clinicaltrials.gov/study/NCT01934296,2023-04-24
NCT06134661,Accelerated rTMS for Psychomotor Slowing,,University of Bern,TERMINATED,25,ACTUAL,,,2023-09-22,2024-08-30,Switzerland,False,No BCI named in the record,https://clinicaltrials.gov/study/NCT06134661,2024-09-25
NCT03098927,Mirror Neuron Network Based Motor Imagery Training to Improve Brain Computer Interface Performance in Spinal Cord Injury Patients,,The Cleveland Clinic,WITHDRAWN,0,ACTUAL,,,2014-09-01,2017-11-30,United States,False,BCI without a brain implant described,https://clinicaltrials.gov/study/NCT03098927,2024-04-15
NCT02738242,Evaluation of Usability and Human Factors in the Novus System,,Bioness Neuromodulation,UNKNOWN,16,ESTIMATED,,,2016-05,2017-01,Israel,False,No BCI named in the record,https://clinicaltrials.gov/study/NCT02738242,2016-04-19
NCT04421365,Brain-Computer Interfaces in Laryngeal Dystonia,,Kristina Simonyan,RECRUITING,40,ESTIMATED,,,2022-04-18,2027-08-31,United States,False,Non-invasive ('EEG'),https://clinicaltrials.gov/study/NCT04421365,2025-12-02
NCT05355831,Patient-tailored Transcranial Direct Current Stimulation to Improve Stroke Rehabilitation,,Christina Kruuse,UNKNOWN,22,ESTIMATED,,,2022-08-28,2024-08,Denmark,False,No BCI named in the record,https://clinicaltrials.gov/study/NCT05355831,2024-07-11
NCT07269353,Using Neurotechology to Help Children With Physical Disability Due to Cerebral Palsy,,University of Alberta,RECRUITING,8,ESTIMATED,,,2026-02-05,2027-10-01,Canada,False,Non-invasive ('EEG'),https://clinicaltrials.gov/study/NCT07269353,2026-02-09
NCT03889353,Brain Computer Interface and Virtual Reality (BCI-VR) for Pain Treatment,,Nantes University Hospital,COMPLETED,7,ACTUAL,,,2019-05-09,2021-05-09,France,False,BCI without a brain implant described,https://clinicaltrials.gov/study/NCT03889353,2022-04-21
NCT06507137,Fractal-based Gait Training in Older Adults,,"Egas Moniz - Cooperativa de Ensino Superior, CRL",ENROLLING_BY_INVITATION,66,ESTIMATED,,,2024-06-25,2026-07-31,Portugal,False,No BCI named in the record,https://clinicaltrials.gov/study/NCT06507137,2026-09-11
NCT02077595,Effects of Transcutaneous Electrical Nerve Stimulation on Cortical Excitability in the Primary Motor Cortex in Healthy Adults,,Chang Gung University,COMPLETED,24,ACTUAL,,,2013-01,2013-07,Taiwan,False,No BCI named in the record,https://clinicaltrials.gov/study/NCT02077595,2014-03-04
NCT07243535,Fractal vs Isochronous Cueing in Athletes After ACL Reconstruction,,"Egas Moniz - Cooperativa de Ensino Superior, CRL",RECRUITING,36,ESTIMATED,,,2025-10-03,2026-11,Portugal,False,No BCI named in the record,https://clinicaltrials.gov/study/NCT07243535,2026-09-11
NCT02731508,Repetitive Bihemispheric Transcranial Direct Current Stimulation After Stroke,,"Taipei Veterans General Hospital, Taiwan",UNKNOWN,32,ESTIMATED,,,2015-10,2022-10,Taiwan,False,No BCI named in the record,https://clinicaltrials.gov/study/NCT02731508,2021-11-30
NCT07618481,BCI With 40Hz Stimulation in Alzheimer's Disease,,Ruijin Hospital,RECRUITING,90,ESTIMATED,,,2026-05-01,2027-10-31,China,False,"Stimulation therapy for Alzheimer, not a BCI for communication or movement",https://clinicaltrials.gov/study/NCT07618481,2026-06-03
NCT07407595,Effect of Anticipated Pain on Corticospinal Excitability,,Universite du Littoral Cote d'Opale,ACTIVE_NOT_RECRUITING,44,ESTIMATED,,,2026-02-12,2026-07,France,False,No BCI named in the record,https://clinicaltrials.gov/study/NCT07407595,2026-02-13
NCT02074696,BDNF and Motor Learning,,University of Minnesota,TERMINATED,24,ACTUAL,,,2014-04,2014-05,United States,False,No BCI named in the record,https://clinicaltrials.gov/study/NCT02074696,2017-05-12
NCT04578327,Investigation of Embodiment for Upper Limb Amputees,,VA Office of Research and Development,WITHDRAWN,0,ACTUAL,,,2025-06-02,2025-06-02,United States,False,No BCI named in the record,https://clinicaltrials.gov/study/NCT04578327,2026-05-06
NCT06382272,A Bionic Breast Project Using Neuroprosthesis to Reduce Chronic Pain After Mastectomy,,University of Chicago,RECRUITING,8,ESTIMATED,,,2025-05-14,2028-01-31,United States,False,No BCI named in the record,https://clinicaltrials.gov/study/NCT06382272,2026-04-27
NCT03545451,Neurofeedback Rehabilitation Based on Motor Imaging in Patients in the Immobilization Phase,,Assistance Publique - Hôpitaux de Paris,UNKNOWN,30,ESTIMATED,,,2018-10-03,2021-06,France,False,Non-invasive ('EEG'),https://clinicaltrials.gov/study/NCT03545451,2018-10-11
